source,target,tgt_lng
Drops,更新,zh-CN
Drop,更新,zh-CN
Acacia Button,金合欢木按钮,zh-CN
Acacia Door,金合欢木门,zh-CN
Acacia Fence,金合欢木栅栏,zh-CN
Acacia Fence Gate,金合欢木栅栏门,zh-CN
Acacia Hanging Sign,悬挂式金合欢木告示牌,zh-CN
Acacia Leaves,金合欢树叶,zh-CN
Acacia Log,金合欢原木,zh-CN
Acacia Planks,金合欢木板,zh-CN
Acacia Pressure Plate,金合欢木压力板,zh-CN
Acacia Sapling,金合欢树苗,zh-CN
Acacia Shelf,金合欢木展示架,zh-CN
Acacia Sign,金合欢木告示牌,zh-CN
Acacia Slab,金合欢木台阶,zh-CN
Acacia Stairs,金合欢木楼梯,zh-CN
Acacia Trapdoor,金合欢木活板门,zh-CN
Acacia Wall Hanging Sign,墙上的悬挂式金合欢木告示牌,zh-CN
Acacia Wall Sign,墙上的金合欢木告示牌,zh-CN
Acacia Wood,金合欢木,zh-CN
Activator Rail,激活铁轨,zh-CN
Air,空气,zh-CN
Allium,绒球葱,zh-CN
Amethyst Bud,紫晶芽,zh-CN
Amethyst Cluster,紫水晶簇,zh-CN
Ancient Debris,远古残骸,zh-CN
Andesite,安山岩,zh-CN
Andesite Slab,安山岩台阶,zh-CN
Andesite Stairs,安山岩楼梯,zh-CN
Andesite Wall,安山岩墙,zh-CN
Anvil,铁砧,zh-CN
Attached Melon Stem,结果的西瓜茎,zh-CN
Attached Pumpkin Stem,结果的南瓜茎,zh-CN
Azalea,杜鹃花丛,zh-CN
Azalea Leaves,杜鹃树叶,zh-CN
Azure Bluet,蓝花美耳草,zh-CN
Bamboo,竹子,zh-CN
Bamboo Button,竹按钮,zh-CN
Bamboo Door,竹门,zh-CN
Bamboo Fence,竹栅栏,zh-CN
Bamboo Fence Gate,竹栅栏门,zh-CN
Bamboo Hanging Sign,悬挂式竹告示牌,zh-CN
Bamboo Mosaic,竹马赛克,zh-CN
Bamboo Mosaic Slab,竹马赛克台阶,zh-CN
Bamboo Mosaic Stairs,竹马赛克楼梯,zh-CN
Bamboo Planks,竹板,zh-CN
Bamboo Pressure Plate,竹压力板,zh-CN
Bamboo Shelf,竹展示架,zh-CN
Bamboo Shoot,竹笋,zh-CN
Bamboo Sign,竹告示牌,zh-CN
Bamboo Slab,竹台阶,zh-CN
Bamboo Stairs,竹楼梯,zh-CN
Bamboo Trapdoor,竹活板门,zh-CN
Bamboo Wall Hanging Sign,墙上的悬挂式竹告示牌,zh-CN
Bamboo Wall Sign,墙上的竹告示牌,zh-CN
Banner,旗帜,zh-CN
Barrel,木桶,zh-CN
Barrier,屏障,zh-CN
Basalt,玄武岩,zh-CN
Beacon,信标,zh-CN
Bed,床,zh-CN
Bedrock,基岩,zh-CN
Bee Nest,蜂巢,zh-CN
Beehive,蜂箱,zh-CN
Beetroots,甜菜根,zh-CN
Bell,钟,zh-CN
Big Dripleaf,大型垂滴叶,zh-CN
Big Dripleaf Stem,大型垂滴叶茎,zh-CN
Birch Button,白桦木按钮,zh-CN
Birch Door,白桦木门,zh-CN
Birch Fence,白桦木栅栏,zh-CN
Birch Fence Gate,白桦木栅栏门,zh-CN
Birch Hanging Sign,悬挂式白桦木告示牌,zh-CN
Birch Leaves,白桦树叶,zh-CN
Birch Log,白桦原木,zh-CN
Birch Planks,白桦木板,zh-CN
Birch Pressure Plate,白桦木压力板,zh-CN
Birch Sapling,白桦树苗,zh-CN
Birch Shelf,白桦木展示架,zh-CN
Birch Sign,白桦木告示牌,zh-CN
Birch Slab,白桦木台阶,zh-CN
Birch Stairs,白桦木楼梯,zh-CN
Birch Trapdoor,白桦木活板门,zh-CN
Birch Wall Hanging Sign,墙上的悬挂式白桦木告示牌,zh-CN
Birch Wall Sign,墙上的白桦木告示牌,zh-CN
Birch Wood,白桦木,zh-CN
Black Banner,黑色旗帜,zh-CN
Black Bed,黑色床,zh-CN
Black Candle,黑色蜡烛,zh-CN
Black Carpet,黑色地毯,zh-CN
Black Concrete,黑色混凝土,zh-CN
Black Concrete Powder,黑色混凝土粉末,zh-CN
Black Glazed Terracotta,黑色带釉陶瓦,zh-CN
Black Shulker Box,黑色潜影盒,zh-CN
Black Stained Glass,黑色染色玻璃,zh-CN
Black Stained Glass Pane,黑色染色玻璃板,zh-CN
Black Terracotta,黑色陶瓦,zh-CN
Black Wall Banner,墙上的黑色旗帜,zh-CN
Black Wool,黑色羊毛,zh-CN
Blackstone,黑石,zh-CN
Blackstone Slab,黑石台阶,zh-CN
Blackstone Stairs,黑石楼梯,zh-CN
Blackstone Wall,黑石墙,zh-CN
Blast Furnace,高炉,zh-CN
Block of Amethyst,紫水晶块,zh-CN
Block of Bamboo,竹块,zh-CN
Block of Coal,煤炭块,zh-CN
Block of Copper,铜块,zh-CN
Block of Diamond,钻石块,zh-CN
Block of Emerald,绿宝石块,zh-CN
Block of Gold,金块,zh-CN
Block of Iron,铁块,zh-CN
Block of Lapis Lazuli,青金石块,zh-CN
Block of Netherite,下界合金块,zh-CN
Block of Quartz,石英块,zh-CN
Block of Raw Copper,粗铜块,zh-CN
Block of Raw Gold,粗金块,zh-CN
Block of Raw Iron,粗铁块,zh-CN
Block of Redstone,红石块,zh-CN
Block of Resin,树脂块,zh-CN
Block of Stripped Bamboo,去皮竹块,zh-CN
Blue Banner,蓝色旗帜,zh-CN
Blue Bed,蓝色床,zh-CN
Blue Candle,蓝色蜡烛,zh-CN
Blue Carpet,蓝色地毯,zh-CN
Blue Concrete,蓝色混凝土,zh-CN
Blue Concrete Powder,蓝色混凝土粉末,zh-CN
Blue Glazed Terracotta,蓝色带釉陶瓦,zh-CN
Blue Ice,蓝冰,zh-CN
Blue Orchid,兰花,zh-CN
Blue Shulker Box,蓝色潜影盒,zh-CN
Blue Stained Glass,蓝色染色玻璃,zh-CN
Blue Stained Glass Pane,蓝色染色玻璃板,zh-CN
Blue Terracotta,蓝色陶瓦,zh-CN
Blue Wall Banner,墙上的蓝色旗帜,zh-CN
Blue Wool,蓝色羊毛,zh-CN
Bone Block,骨块,zh-CN
Bookshelf,书架,zh-CN
Brain Coral,脑纹珊瑚,zh-CN
Brain Coral Block,脑纹珊瑚块,zh-CN
Brain Coral Fan,脑纹珊瑚扇,zh-CN
Brain Coral Wall Fan,墙上的脑纹珊瑚扇,zh-CN
Brewing Stand,酿造台,zh-CN
Brick Slab,红砖台阶,zh-CN
Brick Stairs,红砖楼梯,zh-CN
Brick Wall,红砖墙,zh-CN
Bricks,红砖块,zh-CN
Brown Banner,棕色旗帜,zh-CN
Brown Bed,棕色床,zh-CN
Brown Candle,棕色蜡烛,zh-CN
Brown Carpet,棕色地毯,zh-CN
Brown Concrete,棕色混凝土,zh-CN
Brown Concrete Powder,棕色混凝土粉末,zh-CN
Brown Glazed Terracotta,棕色带釉陶瓦,zh-CN
Brown Mushroom,棕色蘑菇,zh-CN
Brown Mushroom Block,棕色蘑菇方块,zh-CN
Brown Shulker Box,棕色潜影盒,zh-CN
Brown Stained Glass,棕色染色玻璃,zh-CN
Brown Stained Glass Pane,棕色染色玻璃板,zh-CN
Brown Terracotta,棕色陶瓦,zh-CN
Brown Wall Banner,墙上的棕色旗帜,zh-CN
Brown Wool,棕色羊毛,zh-CN
Bubble Column,气泡柱,zh-CN
Bubble Coral,气泡珊瑚,zh-CN
Bubble Coral Block,气泡珊瑚块,zh-CN
Bubble Coral Fan,气泡珊瑚扇,zh-CN
Bubble Coral Wall Fan,墙上的气泡珊瑚扇,zh-CN
Budding Amethyst,紫水晶母岩,zh-CN
Bush,灌木丛,zh-CN
Button,按钮,zh-CN
Cactus,仙人掌,zh-CN
Cactus Flower,仙人掌花,zh-CN
Cake,蛋糕,zh-CN
Cake with Black Candle,插上黑色蜡烛的蛋糕,zh-CN
Cake with Blue Candle,插上蓝色蜡烛的蛋糕,zh-CN
Cake with Brown Candle,插上棕色蜡烛的蛋糕,zh-CN
Cake with Candle,插上蜡烛的蛋糕,zh-CN
Cake with Cyan Candle,插上青色蜡烛的蛋糕,zh-CN
Cake with Gray Candle,插上灰色蜡烛的蛋糕,zh-CN
Cake with Green Candle,插上绿色蜡烛的蛋糕,zh-CN
Cake with Light Blue Candle,插上淡蓝色蜡烛的蛋糕,zh-CN
Cake with Light Gray Candle,插上淡灰色蜡烛的蛋糕,zh-CN
Cake with Lime Candle,插上黄绿色蜡烛的蛋糕,zh-CN
Cake with Magenta Candle,插上品红色蜡烛的蛋糕,zh-CN
Cake with Orange Candle,插上橙色蜡烛的蛋糕,zh-CN
Cake with Pink Candle,插上粉红色蜡烛的蛋糕,zh-CN
Cake with Purple Candle,插上紫色蜡烛的蛋糕,zh-CN
Cake with Red Candle,插上红色蜡烛的蛋糕,zh-CN
Cake with White Candle,插上白色蜡烛的蛋糕,zh-CN
Cake with Yellow Candle,插上黄色蜡烛的蛋糕,zh-CN
Calcite,方解石,zh-CN
Calibrated Sculk Sensor,校频幽匿感测体,zh-CN
Campfire,营火,zh-CN
Candle,蜡烛,zh-CN
Carpet,地毯,zh-CN
Carrots,胡萝卜,zh-CN
Cartography Table,制图台,zh-CN
Carved Pumpkin,雕刻南瓜,zh-CN
Cauldron,炼药锅,zh-CN
Cave Air,洞穴空气,zh-CN
Cave Vines,洞穴藤蔓,zh-CN
Cave Vines Plant,洞穴藤蔓植株,zh-CN
Chain Command Block,连锁型命令方块,zh-CN
Cherry Button,樱花木按钮,zh-CN
Cherry Door,樱花木门,zh-CN
Cherry Fence,樱花木栅栏,zh-CN
Cherry Fence Gate,樱花木栅栏门,zh-CN
Cherry Hanging Sign,悬挂式樱花木告示牌,zh-CN
Cherry Leaves,樱花树叶,zh-CN
Cherry Log,樱花原木,zh-CN
Cherry Planks,樱花木板,zh-CN
Cherry Pressure Plate,樱花木压力板,zh-CN
Cherry Sapling,樱花树苗,zh-CN
Cherry Shelf,樱花木展示架,zh-CN
Cherry Sign,樱花木告示牌,zh-CN
Cherry Slab,樱花木台阶,zh-CN
Cherry Stairs,樱花木楼梯,zh-CN
Cherry Trapdoor,樱花木活板门,zh-CN
Cherry Wall Hanging Sign,墙上的悬挂式樱花木告示牌,zh-CN
Cherry Wall Sign,墙上的樱花木告示牌,zh-CN
Cherry Wood,樱花木,zh-CN
Chest,箱子,zh-CN
Chipped Anvil,开裂的铁砧,zh-CN
Chiseled Bookshelf,雕纹书架,zh-CN
Chiseled Cinnabar,雕纹朱砂,zh-CN
Chiseled Copper,雕纹铜块,zh-CN
Chiseled Deepslate,雕纹深板岩,zh-CN
Chiseled Nether Bricks,雕纹下界砖块,zh-CN
Chiseled Polished Blackstone,雕纹磨制黑石,zh-CN
Chiseled Quartz Block,雕纹石英块,zh-CN
Chiseled Red Sandstone,雕纹红砂岩,zh-CN
Chiseled Resin Bricks,雕纹树脂砖块,zh-CN
Chiseled Sandstone,雕纹砂岩,zh-CN
Chiseled Stone Bricks,雕纹石砖,zh-CN
Chiseled Sulfur,雕纹硫黄,zh-CN
Chiseled Tuff,雕纹凝灰岩,zh-CN
Chiseled Tuff Bricks,雕纹凝灰岩砖,zh-CN
Chorus Flower,紫颂花,zh-CN
Chorus Plant,紫颂植株,zh-CN
Cinnabar,朱砂,zh-CN
Cinnabar Brick Slab,朱砂砖台阶,zh-CN
Cinnabar Brick Stairs,朱砂砖楼梯,zh-CN
Cinnabar Brick Wall,朱砂砖墙,zh-CN
Cinnabar Bricks,朱砂砖,zh-CN
Cinnabar Slab,朱砂台阶,zh-CN
Cinnabar Stairs,朱砂楼梯,zh-CN
Cinnabar Wall,朱砂墙,zh-CN
Clay,黏土,zh-CN
Closed Eyeblossom,闭合的眼眸花,zh-CN
Coal Ore,煤矿石,zh-CN
Coarse Dirt,砂土,zh-CN
Cobbled Deepslate,深板岩圆石,zh-CN
Cobbled Deepslate Slab,深板岩圆石台阶,zh-CN
Cobbled Deepslate Stairs,深板岩圆石楼梯,zh-CN
Cobbled Deepslate Wall,深板岩圆石墙,zh-CN
Cobblestone,圆石,zh-CN
Cobblestone Slab,圆石台阶,zh-CN
Cobblestone Stairs,圆石楼梯,zh-CN
Cobblestone Wall,圆石墙,zh-CN
Cobweb,蜘蛛网,zh-CN
Cocoa,可可果,zh-CN
Command Block,命令方块,zh-CN
Composter,堆肥桶,zh-CN
Concrete,混凝土,zh-CN
Concrete Powder,混凝土粉末,zh-CN
Conduit,潮涌核心,zh-CN
Copper Bars,铜栏杆,zh-CN
Copper Bulb,铜灯,zh-CN
Copper Chain,铜链,zh-CN
Copper Chest,铜箱子,zh-CN
Copper Door,铜门,zh-CN
Copper Golem Statue,铜傀儡像,zh-CN
Copper Grate,铜格栅,zh-CN
Copper Lantern,铜灯笼,zh-CN
Copper Ore,铜矿石,zh-CN
Copper Torch,铜火把,zh-CN
Copper Trapdoor,铜活板门,zh-CN
Copper Wall Torch,墙上的铜火把,zh-CN
Coral,珊瑚,zh-CN
Coral Block,珊瑚块,zh-CN
Coral Fan,珊瑚扇,zh-CN
Coral Wall Fan,墙上的珊瑚扇,zh-CN
Cornflower,矢车菊,zh-CN
Cracked Deepslate Bricks,裂纹深板岩砖,zh-CN
Cracked Deepslate Tiles,裂纹深板岩瓦,zh-CN
Cracked Nether Bricks,裂纹下界砖块,zh-CN
Cracked Polished Blackstone Bricks,裂纹磨制黑石砖,zh-CN
Cracked Stone Bricks,裂纹石砖,zh-CN
Crafter,合成器,zh-CN
Crafting Table,工作台,zh-CN
Creaking Heart,嘎枝之心,zh-CN
Creeper Head,苦力怕的头,zh-CN
Creeper Wall Head,墙上的苦力怕的头,zh-CN
Crimson Button,绯红木按钮,zh-CN
Crimson Door,绯红木门,zh-CN
Crimson Fence,绯红木栅栏,zh-CN
Crimson Fence Gate,绯红木栅栏门,zh-CN
Crimson Fungus,绯红菌,zh-CN
Crimson Hanging Sign,悬挂式绯红木告示牌,zh-CN
Crimson Hyphae,绯红菌核,zh-CN
Crimson Nylium,绯红菌岩,zh-CN
Crimson Planks,绯红木板,zh-CN
Crimson Pressure Plate,绯红木压力板,zh-CN
Crimson Roots,绯红菌索,zh-CN
Crimson Shelf,绯红木展示架,zh-CN
Crimson Sign,绯红木告示牌,zh-CN
Crimson Slab,绯红木台阶,zh-CN
Crimson Stairs,绯红木楼梯,zh-CN
Crimson Stem,绯红菌柄,zh-CN
Crimson Trapdoor,绯红木活板门,zh-CN
Crimson Wall Hanging Sign,墙上的悬挂式绯红木告示牌,zh-CN
Crimson Wall Sign,墙上的绯红木告示牌,zh-CN
Crying Obsidian,哭泣的黑曜石,zh-CN
Cut Copper,切制铜块,zh-CN
Cut Copper Slab,切制铜台阶,zh-CN
Cut Copper Stairs,切制铜楼梯,zh-CN
Cut Red Sandstone,切制红砂岩,zh-CN
Cut Red Sandstone Slab,切制红砂岩台阶,zh-CN
Cut Sandstone,切制砂岩,zh-CN
Cut Sandstone Slab,切制砂岩台阶,zh-CN
Cyan Banner,青色旗帜,zh-CN
Cyan Bed,青色床,zh-CN
Cyan Candle,青色蜡烛,zh-CN
Cyan Carpet,青色地毯,zh-CN
Cyan Concrete,青色混凝土,zh-CN
Cyan Concrete Powder,青色混凝土粉末,zh-CN
Cyan Glazed Terracotta,青色带釉陶瓦,zh-CN
Cyan Shulker Box,青色潜影盒,zh-CN
Cyan Stained Glass,青色染色玻璃,zh-CN
Cyan Stained Glass Pane,青色染色玻璃板,zh-CN
Cyan Terracotta,青色陶瓦,zh-CN
Cyan Wall Banner,墙上的青色旗帜,zh-CN
Cyan Wool,青色羊毛,zh-CN
Damaged Anvil,损坏的铁砧,zh-CN
Dandelion,蒲公英,zh-CN
Dark Oak Button,深色橡木按钮,zh-CN
Dark Oak Door,深色橡木门,zh-CN
Dark Oak Fence,深色橡木栅栏,zh-CN
Dark Oak Fence Gate,深色橡木栅栏门,zh-CN
Dark Oak Hanging Sign,悬挂式深色橡木告示牌,zh-CN
Dark Oak Leaves,深色橡树树叶,zh-CN
Dark Oak Log,深色橡木原木,zh-CN
Dark Oak Planks,深色橡木木板,zh-CN
Dark Oak Pressure Plate,深色橡木压力板,zh-CN
Dark Oak Sapling,深色橡树树苗,zh-CN
Dark Oak Shelf,深色橡木展示架,zh-CN
Dark Oak Sign,深色橡木告示牌,zh-CN
Dark Oak Slab,深色橡木台阶,zh-CN
Dark Oak Stairs,深色橡木楼梯,zh-CN
Dark Oak Trapdoor,深色橡木活板门,zh-CN
Dark Oak Wall Hanging Sign,墙上的悬挂式深色橡木告示牌,zh-CN
Dark Oak Wall Sign,墙上的深色橡木告示牌,zh-CN
Dark Oak Wood,深色橡木,zh-CN
Dark Prismarine,暗海晶石,zh-CN
Dark Prismarine Slab,暗海晶石台阶,zh-CN
Dark Prismarine Stairs,暗海晶石楼梯,zh-CN
Daylight Detector,阳光探测器,zh-CN
Dead Brain Coral,失活的脑纹珊瑚,zh-CN
Dead Brain Coral Block,失活的脑纹珊瑚块,zh-CN
Dead Brain Coral Fan,失活的脑纹珊瑚扇,zh-CN
Dead Brain Coral Wall Fan,墙上的失活脑纹珊瑚扇,zh-CN
Dead Bubble Coral,失活的气泡珊瑚,zh-CN
Dead Bubble Coral Block,失活的气泡珊瑚块,zh-CN
Dead Bubble Coral Fan,失活的气泡珊瑚扇,zh-CN
Dead Bubble Coral Wall Fan,墙上的失活气泡珊瑚扇,zh-CN
Dead Bush,枯萎的灌木,zh-CN
Dead Coral,失活的珊瑚,zh-CN
Dead Coral Blocks,失活的珊瑚块,zh-CN
Dead Coral Fans,失活的珊瑚扇,zh-CN
Dead Coral Wall Fan,墙上的失活珊瑚扇,zh-CN
Dead Fire Coral,失活的火珊瑚,zh-CN
Dead Fire Coral Block,失活的火珊瑚块,zh-CN
Dead Fire Coral Fan,失活的火珊瑚扇,zh-CN
Dead Fire Coral Wall Fan,墙上的失活火珊瑚扇,zh-CN
Dead Horn Coral,失活的鹿角珊瑚,zh-CN
Dead Horn Coral Block,失活的鹿角珊瑚块,zh-CN
Dead Horn Coral Fan,失活的鹿角珊瑚扇,zh-CN
Dead Horn Coral Wall Fan,墙上的失活鹿角珊瑚扇,zh-CN
Dead Tube Coral,失活的管珊瑚,zh-CN
Dead Tube Coral Block,失活的管珊瑚块,zh-CN
Dead Tube Coral Fan,失活的管珊瑚扇,zh-CN
Dead Tube Coral Wall Fan,墙上的失活管珊瑚扇,zh-CN
Decorated Pot,饰纹陶罐,zh-CN
Deepslate,深板岩,zh-CN
Deepslate Brick Slab,深板岩砖台阶,zh-CN
Deepslate Brick Stairs,深板岩砖楼梯,zh-CN
Deepslate Brick Wall,深板岩砖墙,zh-CN
Deepslate Bricks,深板岩砖,zh-CN
Deepslate Coal Ore,深层煤矿石,zh-CN
Deepslate Copper Ore,深层铜矿石,zh-CN
Deepslate Diamond Ore,深层钻石矿石,zh-CN
Deepslate Emerald Ore,深层绿宝石矿石,zh-CN
Deepslate Gold Ore,深层金矿石,zh-CN
Deepslate Iron Ore,深层铁矿石,zh-CN
Deepslate Lapis Lazuli Ore,深层青金石矿石,zh-CN
Deepslate Redstone Ore,深层红石矿石,zh-CN
Deepslate Tile Slab,深板岩瓦台阶,zh-CN
Deepslate Tile Stairs,深板岩瓦楼梯,zh-CN
Deepslate Tile Wall,深板岩瓦墙,zh-CN
Deepslate Tiles,深板岩瓦,zh-CN
Detector Rail,探测铁轨,zh-CN
Diamond Ore,钻石矿石,zh-CN
Diorite,闪长岩,zh-CN
Diorite Slab,闪长岩台阶,zh-CN
Diorite Stairs,闪长岩楼梯,zh-CN
Diorite Wall,闪长岩墙,zh-CN
Dirt,泥土,zh-CN
Dirt Path,土径,zh-CN
Dispenser,发射器,zh-CN
Door,门,zh-CN
Dragon Egg,龙蛋,zh-CN
Dragon Head,龙首,zh-CN
Dragon Wall Head,墙上的龙首,zh-CN
Dried Ghast,失水恶魂,zh-CN
Dried Kelp Block,干海带块,zh-CN
Dripstone Block,滴水石块,zh-CN
Dropper,投掷器,zh-CN
Emerald Ore,绿宝石矿石,zh-CN
Enchanting Table,附魔台,zh-CN
End Gateway,末地折跃门,zh-CN
End Portal,末地传送门,zh-CN
End Portal Frame,末地传送门框架,zh-CN
End Rod,末地烛,zh-CN
End Stone,末地石,zh-CN
End Stone Brick Slab,末地石砖台阶,zh-CN
End Stone Brick Stairs,末地石砖楼梯,zh-CN
End Stone Brick Wall,末地石砖墙,zh-CN
End Stone Bricks,末地石砖,zh-CN
Ender Chest,末影箱,zh-CN
Exposed Chiseled Copper,斑驳的雕纹铜块,zh-CN
Exposed Copper,斑驳的铜块,zh-CN
Exposed Copper Bars,斑驳的铜栏杆,zh-CN
Exposed Copper Bulb,斑驳的铜灯,zh-CN
Exposed Copper Chain,斑驳的铜链,zh-CN
Exposed Copper Chest,斑驳的铜箱子,zh-CN
Exposed Copper Door,斑驳的铜门,zh-CN
Exposed Copper Golem Statue,斑驳的铜傀儡像,zh-CN
Exposed Copper Grate,斑驳的铜格栅,zh-CN
Exposed Copper Lantern,斑驳的铜灯笼,zh-CN
Exposed Copper Trapdoor,斑驳的铜活板门,zh-CN
Exposed Cut Copper,斑驳的切制铜块,zh-CN
Exposed Cut Copper Slab,斑驳的切制铜台阶,zh-CN
Exposed Cut Copper Stairs,斑驳的切制铜楼梯,zh-CN
Exposed Lightning Rod,斑驳的避雷针,zh-CN
Farmland,耕地,zh-CN
Fence,栅栏,zh-CN
Fence Gate,栅栏门,zh-CN
Fern,蕨,zh-CN
Fire,火,zh-CN
Fire Coral,火珊瑚,zh-CN
Fire Coral Block,火珊瑚块,zh-CN
Fire Coral Fan,火珊瑚扇,zh-CN
Fire Coral Wall Fan,墙上的火珊瑚扇,zh-CN
Firefly Bush,萤火虫灌木丛,zh-CN
Fletching Table,制箭台,zh-CN
Flower,花,zh-CN
Flower Pot,花盆,zh-CN
Flowering Azalea,盛开的杜鹃花丛,zh-CN
Flowering Azalea Leaves,盛开的杜鹃树叶,zh-CN
Froglight,蛙明灯,zh-CN
Frogspawn,青蛙卵,zh-CN
Frosted Ice,霜冰,zh-CN
Fungus,下界菌,zh-CN
Furnace,熔炉,zh-CN
Gilded Blackstone,镶金黑石,zh-CN
Glass,玻璃,zh-CN
Glass Pane,玻璃板,zh-CN
Glazed Terracotta,带釉陶瓦,zh-CN
Glow Lichen,发光地衣,zh-CN
Glowstone,荧石,zh-CN
Gold Ore,金矿石,zh-CN
Golden Dandelion,金蒲公英,zh-CN
Granite,花岗岩,zh-CN
Granite Slab,花岗岩台阶,zh-CN
Granite Stairs,花岗岩楼梯,zh-CN
Granite Wall,花岗岩墙,zh-CN
Grass Block,草方块,zh-CN
Gravel,沙砾,zh-CN
Gray Banner,灰色旗帜,zh-CN
Gray Bed,灰色床,zh-CN
Gray Candle,灰色蜡烛,zh-CN
Gray Carpet,灰色地毯,zh-CN
Gray Concrete,灰色混凝土,zh-CN
Gray Concrete Powder,灰色混凝土粉末,zh-CN
Gray Glazed Terracotta,灰色带釉陶瓦,zh-CN
Gray Shulker Box,灰色潜影盒,zh-CN
Gray Stained Glass,灰色染色玻璃,zh-CN
Gray Stained Glass Pane,灰色染色玻璃板,zh-CN
Gray Terracotta,灰色陶瓦,zh-CN
Gray Wall Banner,墙上的灰色旗帜,zh-CN
Gray Wool,灰色羊毛,zh-CN
Green Banner,绿色旗帜,zh-CN
Green Bed,绿色床,zh-CN
Green Candle,绿色蜡烛,zh-CN
Green Carpet,绿色地毯,zh-CN
Green Concrete,绿色混凝土,zh-CN
Green Concrete Powder,绿色混凝土粉末,zh-CN
Green Glazed Terracotta,绿色带釉陶瓦,zh-CN
Green Shulker Box,绿色潜影盒,zh-CN
Green Stained Glass,绿色染色玻璃,zh-CN
Green Stained Glass Pane,绿色染色玻璃板,zh-CN
Green Terracotta,绿色陶瓦,zh-CN
Green Wall Banner,墙上的绿色旗帜,zh-CN
Green Wool,绿色羊毛,zh-CN
Grindstone,砂轮,zh-CN
Hanging Roots,垂根,zh-CN
Hanging Sign,悬挂式告示牌,zh-CN
Hay Bale,干草捆,zh-CN
Head,头颅,zh-CN
Heavy Core,沉重核心,zh-CN
Heavy Weighted Pressure Plate,重质测重压力板,zh-CN
Honey Block,蜂蜜块,zh-CN
Honeycomb Block,蜜脾块,zh-CN
Hopper,漏斗,zh-CN
Horn Coral,鹿角珊瑚,zh-CN
Horn Coral Block,鹿角珊瑚块,zh-CN
Horn Coral Fan,鹿角珊瑚扇,zh-CN
Horn Coral Wall Fan,墙上的鹿角珊瑚扇,zh-CN
Hyphae,菌核,zh-CN
Ice,冰,zh-CN
Infested Chiseled Stone Bricks,虫蚀雕纹石砖,zh-CN
Infested Cobblestone,虫蚀圆石,zh-CN
Infested Cracked Stone Bricks,虫蚀裂纹石砖,zh-CN
Infested Deepslate,虫蚀深板岩,zh-CN
Infested Mossy Stone Bricks,虫蚀苔石砖,zh-CN
Infested Stone,虫蚀石头,zh-CN
Infested Stone Bricks,虫蚀石砖,zh-CN
Iron Bars,铁栏杆,zh-CN
Iron Chain,铁链,zh-CN
Iron Door,铁门,zh-CN
Iron Ore,铁矿石,zh-CN
Iron Trapdoor,铁活板门,zh-CN
Jack O'lantern,南瓜灯,zh-CN
Jigsaw Block,拼图方块,zh-CN
Jukebox,唱片机,zh-CN
Jungle Button,丛林木按钮,zh-CN
Jungle Door,丛林木门,zh-CN
Jungle Fence,丛林木栅栏,zh-CN
Jungle Fence Gate,丛林木栅栏门,zh-CN
Jungle Hanging Sign,悬挂式丛林木告示牌,zh-CN
Jungle Leaves,丛林树叶,zh-CN
Jungle Log,丛林原木,zh-CN
Jungle Planks,丛林木板,zh-CN
Jungle Pressure Plate,丛林木压力板,zh-CN
Jungle Sapling,丛林树苗,zh-CN
Jungle Shelf,丛林木展示架,zh-CN
Jungle Sign,丛林木告示牌,zh-CN
Jungle Slab,丛林木台阶,zh-CN
Jungle Stairs,丛林木楼梯,zh-CN
Jungle Trapdoor,丛林木活板门,zh-CN
Jungle Wall Hanging Sign,墙上的悬挂式丛林木告示牌,zh-CN
Jungle Wall Sign,墙上的丛林木告示牌,zh-CN
Jungle Wood,丛林木,zh-CN
Kelp,海带,zh-CN
Kelp Plant,海带植株,zh-CN
Ladder,梯子,zh-CN
Lantern,灯笼,zh-CN
Lapis Lazuli Ore,青金石矿石,zh-CN
Large Amethyst Bud,大型紫晶芽,zh-CN
Large Fern,大型蕨,zh-CN
Lava,熔岩,zh-CN
Lava Cauldron,装有熔岩的炼药锅,zh-CN
Leaf Litter,枯叶堆,zh-CN
Leaves,树叶,zh-CN
Lectern,讲台,zh-CN
Lever,拉杆,zh-CN
Light,光源方块,zh-CN
Light Blue Banner,淡蓝色旗帜,zh-CN
Light Blue Bed,淡蓝色床,zh-CN
Light Blue Candle,淡蓝色蜡烛,zh-CN
Light Blue Carpet,淡蓝色地毯,zh-CN
Light Blue Concrete,淡蓝色混凝土,zh-CN
Light Blue Concrete Powder,淡蓝色混凝土粉末,zh-CN
Light Blue Glazed Terracotta,淡蓝色带釉陶瓦,zh-CN
Light Blue Shulker Box,淡蓝色潜影盒,zh-CN
Light Blue Stained Glass,淡蓝色染色玻璃,zh-CN
Light Blue Stained Glass Pane,淡蓝色染色玻璃板,zh-CN
Light Blue Terracotta,淡蓝色陶瓦,zh-CN
Light Blue Wall Banner,墙上的淡蓝色旗帜,zh-CN
Light Blue Wool,淡蓝色羊毛,zh-CN
Light Gray Banner,淡灰色旗帜,zh-CN
Light Gray Bed,淡灰色床,zh-CN
Light Gray Candle,淡灰色蜡烛,zh-CN
Light Gray Carpet,淡灰色地毯,zh-CN
Light Gray Concrete,淡灰色混凝土,zh-CN
Light Gray Concrete Powder,淡灰色混凝土粉末,zh-CN
Light Gray Glazed Terracotta,淡灰色带釉陶瓦,zh-CN
Light Gray Shulker Box,淡灰色潜影盒,zh-CN
Light Gray Stained Glass,淡灰色染色玻璃,zh-CN
Light Gray Stained Glass Pane,淡灰色染色玻璃板,zh-CN
Light Gray Terracotta,淡灰色陶瓦,zh-CN
Light Gray Wall Banner,墙上的淡灰色旗帜,zh-CN
Light Gray Wool,淡灰色羊毛,zh-CN
Light Weighted Pressure Plate,轻质测重压力板,zh-CN
Lightning Rod,避雷针,zh-CN
Lilac,丁香,zh-CN
Lily of the Valley,铃兰,zh-CN
Lily Pad,睡莲,zh-CN
Lime Banner,黄绿色旗帜,zh-CN
Lime Bed,黄绿色床,zh-CN
Lime Candle,黄绿色蜡烛,zh-CN
Lime Carpet,黄绿色地毯,zh-CN
Lime Concrete,黄绿色混凝土,zh-CN
Lime Concrete Powder,黄绿色混凝土粉末,zh-CN
Lime Glazed Terracotta,黄绿色带釉陶瓦,zh-CN
Lime Shulker Box,黄绿色潜影盒,zh-CN
Lime Stained Glass,黄绿色染色玻璃,zh-CN
Lime Stained Glass Pane,黄绿色染色玻璃板,zh-CN
Lime Terracotta,黄绿色陶瓦,zh-CN
Lime Wall Banner,墙上的黄绿色旗帜,zh-CN
Lime Wool,黄绿色羊毛,zh-CN
Locked Chest,上锁的箱子,zh-CN
Lodestone,磁石,zh-CN
Log,原木,zh-CN
Loom,织布机,zh-CN
Magenta Banner,品红色旗帜,zh-CN
Magenta Bed,品红色床,zh-CN
Magenta Candle,品红色蜡烛,zh-CN
Magenta Carpet,品红色地毯,zh-CN
Magenta Concrete,品红色混凝土,zh-CN
Magenta Concrete Powder,品红色混凝土粉末,zh-CN
Magenta Glazed Terracotta,品红色带釉陶瓦,zh-CN
Magenta Shulker Box,品红色潜影盒,zh-CN
Magenta Stained Glass,品红色染色玻璃,zh-CN
Magenta Stained Glass Pane,品红色染色玻璃板,zh-CN
Magenta Terracotta,品红色陶瓦,zh-CN
Magenta Wall Banner,墙上的品红色旗帜,zh-CN
Magenta Wool,品红色羊毛,zh-CN
Magma Block,岩浆块,zh-CN
Mangrove Button,红树木按钮,zh-CN
Mangrove Door,红树木门,zh-CN
Mangrove Fence,红树木栅栏,zh-CN
Mangrove Fence Gate,红树木栅栏门,zh-CN
Mangrove Hanging Sign,悬挂式红树木告示牌,zh-CN
Mangrove Leaves,红树树叶,zh-CN
Mangrove Log,红树原木,zh-CN
Mangrove Planks,红树木板,zh-CN
Mangrove Pressure Plate,红树木压力板,zh-CN
Mangrove Propagule,红树胎生苗,zh-CN
Mangrove Roots,红树根,zh-CN
Mangrove Shelf,红树木展示架,zh-CN
Mangrove Sign,红树木告示牌,zh-CN
Mangrove Slab,红树木台阶,zh-CN
Mangrove Stairs,红树木楼梯,zh-CN
Mangrove Trapdoor,红树木活板门,zh-CN
Mangrove Wall Hanging Sign,墙上的悬挂式红树木告示牌,zh-CN
Mangrove Wall Sign,墙上的红树木告示牌,zh-CN
Mangrove Wood,红树木,zh-CN
Medium Amethyst Bud,中型紫晶芽,zh-CN
Melon,西瓜,zh-CN
Melon Stem,西瓜茎,zh-CN
Monster Spawner,刷怪笼,zh-CN
Moss Block,苔藓块,zh-CN
Moss Carpet,覆地苔藓,zh-CN
Mossy Cobblestone,苔石,zh-CN
Mossy Cobblestone Slab,苔石台阶,zh-CN
Mossy Cobblestone Stairs,苔石楼梯,zh-CN
Mossy Cobblestone Wall,苔石墙,zh-CN
Mossy Stone Brick Slab,苔石砖台阶,zh-CN
Mossy Stone Brick Stairs,苔石砖楼梯,zh-CN
Mossy Stone Brick Wall,苔石砖墙,zh-CN
Mossy Stone Bricks,苔石砖,zh-CN
Moving Piston,移动的活塞,zh-CN
Mud,泥巴,zh-CN
Mud Brick Slab,泥砖台阶,zh-CN
Mud Brick Stairs,泥砖楼梯,zh-CN
Mud Brick Wall,泥砖墙,zh-CN
Mud Bricks,泥砖,zh-CN
Muddy Mangrove Roots,沾泥的红树根,zh-CN
Mushroom,蘑菇,zh-CN
Mushroom Block,蘑菇方块,zh-CN
Mushroom Stem,蘑菇柄,zh-CN
Mycelium,菌丝体,zh-CN
Nether Brick Fence,下界砖栅栏,zh-CN
Nether Brick Slab,下界砖台阶,zh-CN
Nether Brick Stairs,下界砖楼梯,zh-CN
Nether Brick Wall,下界砖墙,zh-CN
Nether Bricks,下界砖块,zh-CN
Nether Gold Ore,下界金矿石,zh-CN
Nether Portal,下界传送门,zh-CN
Nether Quartz Ore,下界石英矿石,zh-CN
Nether Sprouts,下界苗,zh-CN
Nether Wart,下界疣,zh-CN
Nether Wart Block,下界疣块,zh-CN
Netherrack,下界岩,zh-CN
Note Block,音符盒,zh-CN
Nylium,菌岩,zh-CN
Oak Button,橡木按钮,zh-CN
Oak Door,橡木门,zh-CN
Oak Fence,橡木栅栏,zh-CN
Oak Fence Gate,橡木栅栏门,zh-CN
Oak Hanging Sign,悬挂式橡木告示牌,zh-CN
Oak Leaves,橡树树叶,zh-CN
Oak Log,橡木原木,zh-CN
Oak Planks,橡木木板,zh-CN
Oak Pressure Plate,橡木压力板,zh-CN
Oak Sapling,橡树树苗,zh-CN
Oak Shelf,橡木展示架,zh-CN
Oak Sign,橡木告示牌,zh-CN
Oak Slab,橡木台阶,zh-CN
Oak Stairs,橡木楼梯,zh-CN
Oak Trapdoor,橡木活板门,zh-CN
Oak Wall Hanging Sign,墙上的悬挂式橡木告示牌,zh-CN
Oak Wall Sign,墙上的橡木告示牌,zh-CN
Oak Wood,橡木,zh-CN
Observer,侦测器,zh-CN
Obsidian,黑曜石,zh-CN
Ochre Froglight,赭黄蛙明灯,zh-CN
Ominous Banner,不祥旗帜,zh-CN
Ominous Trial Spawner,不祥试炼刷怪笼,zh-CN
Ominous Vault,不祥宝库,zh-CN
Open Eyeblossom,张开的眼眸花,zh-CN
Orange Banner,橙色旗帜,zh-CN
Orange Bed,橙色床,zh-CN
Orange Candle,橙色蜡烛,zh-CN
Orange Carpet,橙色地毯,zh-CN
Orange Concrete,橙色混凝土,zh-CN
Orange Concrete Powder,橙色混凝土粉末,zh-CN
Orange Glazed Terracotta,橙色带釉陶瓦,zh-CN
Orange Shulker Box,橙色潜影盒,zh-CN
Orange Stained Glass,橙色染色玻璃,zh-CN
Orange Stained Glass Pane,橙色染色玻璃板,zh-CN
Orange Terracotta,橙色陶瓦,zh-CN
Orange Tulip,橙色郁金香,zh-CN
Orange Wall Banner,墙上的橙色旗帜,zh-CN
Orange Wool,橙色羊毛,zh-CN
Oxeye Daisy,滨菊,zh-CN
Oxidized Chiseled Copper,氧化的雕纹铜块,zh-CN
Oxidized Copper,氧化的铜块,zh-CN
Oxidized Copper Bars,氧化的铜栏杆,zh-CN
Oxidized Copper Bulb,氧化的铜灯,zh-CN
Oxidized Copper Chain,氧化的铜链,zh-CN
Oxidized Copper Chest,氧化的铜箱子,zh-CN
Oxidized Copper Door,氧化的铜门,zh-CN
Oxidized Copper Golem Statue,氧化的铜傀儡像,zh-CN
Oxidized Copper Grate,氧化的铜格栅,zh-CN
Oxidized Copper Lantern,氧化的铜灯笼,zh-CN
Oxidized Copper Trapdoor,氧化的铜活板门,zh-CN
Oxidized Cut Copper,氧化的切制铜块,zh-CN
Oxidized Cut Copper Slab,氧化的切制铜台阶,zh-CN
Oxidized Cut Copper Stairs,氧化的切制铜楼梯,zh-CN
Oxidized Lightning Rod,氧化的避雷针,zh-CN
Packed Ice,浮冰,zh-CN
Packed Mud,泥坯,zh-CN
Pale Hanging Moss,苍白垂须,zh-CN
Pale Moss Block,苍白苔藓块,zh-CN
Pale Moss Carpet,苍白覆地苔藓,zh-CN
Pale Oak Button,苍白橡木按钮,zh-CN
Pale Oak Door,苍白橡木门,zh-CN
Pale Oak Fence,苍白橡木栅栏,zh-CN
Pale Oak Fence Gate,苍白橡木栅栏门,zh-CN
Pale Oak Hanging Sign,悬挂式苍白橡木告示牌,zh-CN
Pale Oak Leaves,苍白橡树树叶,zh-CN
Pale Oak Log,苍白橡木原木,zh-CN
Pale Oak Planks,苍白橡木木板,zh-CN
Pale Oak Pressure Plate,苍白橡木压力板,zh-CN
Pale Oak Sapling,苍白橡树树苗,zh-CN
Pale Oak Shelf,苍白橡木展示架,zh-CN
Pale Oak Sign,苍白橡木告示牌,zh-CN
Pale Oak Slab,苍白橡木台阶,zh-CN
Pale Oak Stairs,苍白橡木楼梯,zh-CN
Pale Oak Trapdoor,苍白橡木活板门,zh-CN
Pale Oak Wall Hanging Sign,墙上的悬挂式苍白橡木告示牌,zh-CN
Pale Oak Wall Sign,墙上的苍白橡木告示牌,zh-CN
Pale Oak Wood,苍白橡木,zh-CN
Pearlescent Froglight,珠光蛙明灯,zh-CN
Peony,牡丹,zh-CN
Petrified Oak Slab,石化橡木台阶,zh-CN
Piglin Head,猪灵的头,zh-CN
Piglin Wall Head,墙上的猪灵的头,zh-CN
Pink Banner,粉红色旗帜,zh-CN
Pink Bed,粉红色床,zh-CN
Pink Candle,粉红色蜡烛,zh-CN
Pink Carpet,粉红色地毯,zh-CN
Pink Concrete,粉红色混凝土,zh-CN
Pink Concrete Powder,粉红色混凝土粉末,zh-CN
Pink Glazed Terracotta,粉红色带釉陶瓦,zh-CN
Pink Petals,粉红色花簇,zh-CN
Pink Shulker Box,粉红色潜影盒,zh-CN
Pink Stained Glass,粉红色染色玻璃,zh-CN
Pink Stained Glass Pane,粉红色染色玻璃板,zh-CN
Pink Terracotta,粉红色陶瓦,zh-CN
Pink Tulip,粉红色郁金香,zh-CN
Pink Wall Banner,墙上的粉红色旗帜,zh-CN
Pink Wool,粉红色羊毛,zh-CN
Piston,活塞,zh-CN
Piston Head,活塞头,zh-CN
Pitcher Crop,瓶子草植株,zh-CN
Pitcher Plant,瓶子草,zh-CN
Planks,木板,zh-CN
Player Head,玩家的头,zh-CN
Player Wall Head,墙上的玩家的头,zh-CN
Podzol,灰化土,zh-CN
Pointed Dripstone,滴水石锥,zh-CN
Polished Andesite,磨制安山岩,zh-CN
Polished Andesite Slab,磨制安山岩台阶,zh-CN
Polished Andesite Stairs,磨制安山岩楼梯,zh-CN
Polished Basalt,磨制玄武岩,zh-CN
Polished Blackstone,磨制黑石,zh-CN
Polished Blackstone Brick Slab,磨制黑石砖台阶,zh-CN
Polished Blackstone Brick Stairs,磨制黑石砖楼梯,zh-CN
Polished Blackstone Brick Wall,磨制黑石砖墙,zh-CN
Polished Blackstone Bricks,磨制黑石砖,zh-CN
Polished Blackstone Button,磨制黑石按钮,zh-CN
Polished Blackstone Pressure Plate,磨制黑石压力板,zh-CN
Polished Blackstone Slab,磨制黑石台阶,zh-CN
Polished Blackstone Stairs,磨制黑石楼梯,zh-CN
Polished Blackstone Wall,磨制黑石墙,zh-CN
Polished Cinnabar,磨制朱砂,zh-CN
Polished Cinnabar Slab,磨制朱砂台阶,zh-CN
Polished Cinnabar Stairs,磨制朱砂楼梯,zh-CN
Polished Cinnabar Wall,磨制朱砂墙,zh-CN
Polished Deepslate,磨制深板岩,zh-CN
Polished Deepslate Slab,磨制深板岩台阶,zh-CN
Polished Deepslate Stairs,磨制深板岩楼梯,zh-CN
Polished Deepslate Wall,磨制深板岩墙,zh-CN
Polished Diorite,磨制闪长岩,zh-CN
Polished Diorite Slab,磨制闪长岩台阶,zh-CN
Polished Diorite Stairs,磨制闪长岩楼梯,zh-CN
Polished Granite,磨制花岗岩,zh-CN
Polished Granite Slab,磨制花岗岩台阶,zh-CN
Polished Granite Stairs,磨制花岗岩楼梯,zh-CN
Polished Sulfur,磨制硫黄,zh-CN
Polished Sulfur Slab,磨制硫黄台阶,zh-CN
Polished Sulfur Stairs,磨制硫黄楼梯,zh-CN
Polished Sulfur Wall,磨制硫黄墙,zh-CN
Polished Tuff,磨制凝灰岩,zh-CN
Polished Tuff Slab,磨制凝灰岩台阶,zh-CN
Polished Tuff Stairs,磨制凝灰岩楼梯,zh-CN
Polished Tuff Wall,磨制凝灰岩墙,zh-CN
Poppy,虞美人,zh-CN
Potatoes,马铃薯,zh-CN
Potent Sulfur,烈性硫黄,zh-CN
Potted Acacia Sapling,金合欢树苗盆栽,zh-CN
Potted Allium,绒球葱盆栽,zh-CN
Potted Azalea,杜鹃花丛盆栽,zh-CN
Potted Azure Bluet,蓝花美耳草盆栽,zh-CN
Potted Bamboo,竹子盆栽,zh-CN
Potted Birch Sapling,白桦树苗盆栽,zh-CN
Potted Blue Orchid,兰花盆栽,zh-CN
Potted Brown Mushroom,棕色蘑菇盆栽,zh-CN
Potted Cactus,仙人掌盆栽,zh-CN
Potted Cherry Sapling,樱花树苗盆栽,zh-CN
Potted Closed Eyeblossom,闭合的眼眸花盆栽,zh-CN
Potted Cornflower,矢车菊盆栽,zh-CN
Potted Crimson Fungus,绯红菌盆栽,zh-CN
Potted Crimson Roots,绯红菌索盆栽,zh-CN
Potted Dandelion,蒲公英盆栽,zh-CN
Potted Dark Oak Sapling,深色橡树树苗盆栽,zh-CN
Potted Dead Bush,枯萎的灌木盆栽,zh-CN
Potted Fern,蕨盆栽,zh-CN
Potted Flowering Azalea,盛开的杜鹃花丛盆栽,zh-CN
Potted Golden Dandelion,金蒲公英盆栽,zh-CN
Potted Jungle Sapling,丛林树苗盆栽,zh-CN
Potted Lily of the Valley,铃兰盆栽,zh-CN
Potted Mangrove Propagule,红树胎生苗盆栽,zh-CN
Potted Oak Sapling,橡树树苗盆栽,zh-CN
Potted Open Eyeblossom,张开的眼眸花盆栽,zh-CN
Potted Orange Tulip,橙色郁金香盆栽,zh-CN
Potted Oxeye Daisy,滨菊盆栽,zh-CN
Potted Pale Oak Sapling,苍白橡树树苗盆栽,zh-CN
Potted Pink Tulip,粉红色郁金香盆栽,zh-CN
Potted Poppy,虞美人盆栽,zh-CN
Potted Red Mushroom,红色蘑菇盆栽,zh-CN
Potted Red Tulip,红色郁金香盆栽,zh-CN
Potted Spruce Sapling,云杉树苗盆栽,zh-CN
Potted Torchflower,火把花盆栽,zh-CN
Potted Warped Fungus,诡异菌盆栽,zh-CN
Potted Warped Roots,诡异菌索盆栽,zh-CN
Potted White Tulip,白色郁金香盆栽,zh-CN
Potted Wither Rose,凋灵玫瑰盆栽,zh-CN
Powder Snow,细雪,zh-CN
Powder Snow Cauldron,装有细雪的炼药锅,zh-CN
Powered Rail,动力铁轨,zh-CN
Pressure Plate,压力板,zh-CN
Prismarine,海晶石,zh-CN
Prismarine Brick Slab,海晶石砖台阶,zh-CN
Prismarine Brick Stairs,海晶石砖楼梯,zh-CN
Prismarine Bricks,海晶石砖,zh-CN
Prismarine Slab,海晶石台阶,zh-CN
Prismarine Stairs,海晶石楼梯,zh-CN
Prismarine Wall,海晶石墙,zh-CN
Pumpkin,南瓜,zh-CN
Pumpkin Stem,南瓜茎,zh-CN
Purple Banner,紫色旗帜,zh-CN
Purple Bed,紫色床,zh-CN
Purple Candle,紫色蜡烛,zh-CN
Purple Carpet,紫色地毯,zh-CN
Purple Concrete,紫色混凝土,zh-CN
Purple Concrete Powder,紫色混凝土粉末,zh-CN
Purple Glazed Terracotta,紫色带釉陶瓦,zh-CN
Purple Shulker Box,紫色潜影盒,zh-CN
Purple Stained Glass,紫色染色玻璃,zh-CN
Purple Stained Glass Pane,紫色染色玻璃板,zh-CN
Purple Terracotta,紫色陶瓦,zh-CN
Purple Wall Banner,墙上的紫色旗帜,zh-CN
Purple Wool,紫色羊毛,zh-CN
Purpur Block,紫珀块,zh-CN
Purpur Pillar,紫珀柱,zh-CN
Purpur Slab,紫珀台阶,zh-CN
Purpur Stairs,紫珀楼梯,zh-CN
Quartz Bricks,石英砖,zh-CN
Quartz Pillar,石英柱,zh-CN
Quartz Slab,石英台阶,zh-CN
Quartz Stairs,石英楼梯,zh-CN
Rail,铁轨,zh-CN
Red Banner,红色旗帜,zh-CN
Red Bed,红色床,zh-CN
Red Candle,红色蜡烛,zh-CN
Red Carpet,红色地毯,zh-CN
Red Concrete,红色混凝土,zh-CN
Red Concrete Powder,红色混凝土粉末,zh-CN
Red Glazed Terracotta,红色带釉陶瓦,zh-CN
Red Mushroom,红色蘑菇,zh-CN
Red Mushroom Block,红色蘑菇方块,zh-CN
Red Nether Brick Slab,红色下界砖台阶,zh-CN
Red Nether Brick Stairs,红色下界砖楼梯,zh-CN
Red Nether Brick Wall,红色下界砖墙,zh-CN
Red Nether Bricks,红色下界砖块,zh-CN
Red Sand,红沙,zh-CN
Red Sandstone,红砂岩,zh-CN
Red Sandstone Slab,红砂岩台阶,zh-CN
Red Sandstone Stairs,红砂岩楼梯,zh-CN
Red Sandstone Wall,红砂岩墙,zh-CN
Red Shulker Box,红色潜影盒,zh-CN
Red Stained Glass,红色染色玻璃,zh-CN
Red Stained Glass Pane,红色染色玻璃板,zh-CN
Red Terracotta,红色陶瓦,zh-CN
Red Tulip,红色郁金香,zh-CN
Red Wall Banner,墙上的红色旗帜,zh-CN
Red Wool,红色羊毛,zh-CN
Redstone Comparator,红石比较器,zh-CN
Redstone Lamp,红石灯,zh-CN
Redstone Ore,红石矿石,zh-CN
Redstone Repeater,红石中继器,zh-CN
Redstone Torch,红石火把,zh-CN
Redstone Wall Torch,墙上的红石火把,zh-CN
Redstone Wire,红石线,zh-CN
Reinforced Deepslate,强化深板岩,zh-CN
Repeating Command Block,循环型命令方块,zh-CN
Resin Brick Slab,树脂砖台阶,zh-CN
Resin Brick Stairs,树脂砖楼梯,zh-CN
Resin Brick Wall,树脂砖墙,zh-CN
Resin Bricks,树脂砖块,zh-CN
Resin Clump,树脂团,zh-CN
Respawn Anchor,重生锚,zh-CN
Rooted Dirt,缠根泥土,zh-CN
Roots,菌索,zh-CN
Rose Bush,玫瑰丛,zh-CN
Sand,沙子,zh-CN
Sandstone,砂岩,zh-CN
Sandstone Slab,砂岩台阶,zh-CN
Sandstone Stairs,砂岩楼梯,zh-CN
Sandstone Wall,砂岩墙,zh-CN
Sapling,树苗,zh-CN
Scaffolding,脚手架,zh-CN
Sculk,幽匿块,zh-CN
Sculk Catalyst,幽匿催发体,zh-CN
Sculk Sensor,幽匿感测体,zh-CN
Sculk Shrieker,幽匿尖啸体,zh-CN
Sculk Vein,幽匿脉络,zh-CN
Sea Lantern,海晶灯,zh-CN
Sea Pickle,海泡菜,zh-CN
Seagrass,海草,zh-CN
Short Dry Grass,矮枯草丛,zh-CN
Short Grass,矮草丛,zh-CN
Shroomlight,菌光体,zh-CN
Shulker Box,潜影盒,zh-CN
Sign,告示牌,zh-CN
Skeleton Skull,骷髅头颅,zh-CN
Skeleton Wall Skull,墙上的骷髅头颅,zh-CN
Slab,台阶,zh-CN
Slime Block,黏液块,zh-CN
Small Amethyst Bud,小型紫晶芽,zh-CN
Small Dripleaf,小型垂滴叶,zh-CN
Smithing Table,锻造台,zh-CN
Smoker,烟熏炉,zh-CN
Smooth Basalt,平滑玄武岩,zh-CN
Smooth Quartz Block,平滑石英块,zh-CN
Smooth Quartz Slab,平滑石英台阶,zh-CN
Smooth Quartz Stairs,平滑石英楼梯,zh-CN
Smooth Red Sandstone,平滑红砂岩,zh-CN
Smooth Red Sandstone Slab,平滑红砂岩台阶,zh-CN
Smooth Red Sandstone Stairs,平滑红砂岩楼梯,zh-CN
Smooth Sandstone,平滑砂岩,zh-CN
Smooth Sandstone Slab,平滑砂岩台阶,zh-CN
Smooth Sandstone Stairs,平滑砂岩楼梯,zh-CN
Smooth Stone,平滑石头,zh-CN
Smooth Stone Slab,平滑石头台阶,zh-CN
Sniffer Egg,嗅探兽蛋,zh-CN
Snow,雪,zh-CN
Snow Block,雪块,zh-CN
Soul Campfire,灵魂营火,zh-CN
Soul Fire,灵魂火,zh-CN
Soul Lantern,灵魂灯笼,zh-CN
Soul Sand,灵魂沙,zh-CN
Soul Soil,灵魂土,zh-CN
Soul Torch,灵魂火把,zh-CN
Soul Wall Torch,墙上的灵魂火把,zh-CN
Sponge,海绵,zh-CN
Spore Blossom,孢子花,zh-CN
Spruce Button,云杉木按钮,zh-CN
Spruce Door,云杉木门,zh-CN
Spruce Fence,云杉木栅栏,zh-CN
Spruce Fence Gate,云杉木栅栏门,zh-CN
Spruce Hanging Sign,悬挂式云杉木告示牌,zh-CN
Spruce Leaves,云杉树叶,zh-CN
Spruce Log,云杉原木,zh-CN
Spruce Planks,云杉木板,zh-CN
Spruce Pressure Plate,云杉木压力板,zh-CN
Spruce Sapling,云杉树苗,zh-CN
Spruce Shelf,云杉木展示架,zh-CN
Spruce Sign,云杉木告示牌,zh-CN
Spruce Slab,云杉木台阶,zh-CN
Spruce Stairs,云杉木楼梯,zh-CN
Spruce Trapdoor,云杉木活板门,zh-CN
Spruce Wall Hanging Sign,墙上的悬挂式云杉木告示牌,zh-CN
Spruce Wall Sign,墙上的云杉木告示牌,zh-CN
Spruce Wood,云杉木,zh-CN
Stained Glass,染色玻璃,zh-CN
Stained Glass Pane,染色玻璃板,zh-CN
Stairs,楼梯,zh-CN
Stem,菌柄,zh-CN
Sticky Piston,黏性活塞,zh-CN
Stone,石头,zh-CN
Stone Brick Slab,石砖台阶,zh-CN
Stone Brick Stairs,石砖楼梯,zh-CN
Stone Brick Wall,石砖墙,zh-CN
Stone Bricks,石砖,zh-CN
Stone Button,石头按钮,zh-CN
Stone Pressure Plate,石头压力板,zh-CN
Stone Slab,石头台阶,zh-CN
Stone Stairs,石头楼梯,zh-CN
Stonecutter,切石机,zh-CN
Stripped Acacia Log,去皮金合欢原木,zh-CN
Stripped Acacia Wood,去皮金合欢木,zh-CN
Stripped Birch Log,去皮白桦原木,zh-CN
Stripped Birch Wood,去皮白桦木,zh-CN
Stripped Cherry Log,去皮樱花原木,zh-CN
Stripped Cherry Wood,去皮樱花木,zh-CN
Stripped Crimson Hyphae,去皮绯红菌核,zh-CN
Stripped Crimson Stem,去皮绯红菌柄,zh-CN
Stripped Dark Oak Log,去皮深色橡木原木,zh-CN
Stripped Dark Oak Wood,去皮深色橡木,zh-CN
Stripped Hyphae,去皮菌核,zh-CN
Stripped Jungle Log,去皮丛林原木,zh-CN
Stripped Jungle Wood,去皮丛林木,zh-CN
Stripped Log,去皮原木,zh-CN
Stripped Mangrove Log,去皮红树原木,zh-CN
Stripped Mangrove Wood,去皮红树木,zh-CN
Stripped Oak Log,去皮橡木原木,zh-CN
Stripped Oak Wood,去皮橡木,zh-CN
Stripped Pale Oak Log,去皮苍白橡木原木,zh-CN
Stripped Pale Oak Wood,去皮苍白橡木,zh-CN
Stripped Spruce Log,去皮云杉原木,zh-CN
Stripped Spruce Wood,去皮云杉木,zh-CN
Stripped Stem,去皮菌柄,zh-CN
Stripped Warped Hyphae,去皮诡异菌核,zh-CN
Stripped Warped Stem,去皮诡异菌柄,zh-CN
Stripped Wood,去皮木头,zh-CN
Structure Block,结构方块,zh-CN
Structure Void,结构空位,zh-CN
Sugar Cane,甘蔗,zh-CN
Sulfur,硫黄,zh-CN
Sulfur Brick Slab,硫黄砖台阶,zh-CN
Sulfur Brick Stairs,硫黄砖楼梯,zh-CN
Sulfur Brick Wall,硫黄砖墙,zh-CN
Sulfur Bricks,硫黄砖,zh-CN
Sulfur Slab,硫黄台阶,zh-CN
Sulfur Stairs,硫黄楼梯,zh-CN
Sulfur Wall,硫黄墙,zh-CN
Sunflower,向日葵,zh-CN
Suspicious Gravel,可疑的沙砾,zh-CN
Suspicious Sand,可疑的沙子,zh-CN
Sweet Berry Bush,甜浆果丛,zh-CN
Tall Dry Grass,高枯草丛,zh-CN
Tall Grass,高草丛,zh-CN
Tall Seagrass,高海草,zh-CN
Target,标靶,zh-CN
Terracotta,陶瓦,zh-CN
Test Block,测试方块,zh-CN
Test Instance Block,测试实例方块,zh-CN
Tinted Glass,遮光玻璃,zh-CN
TNT,TNT,zh-CN
Torch,火把,zh-CN
Torchflower,火把花,zh-CN
Torchflower Crop,火把花植株,zh-CN
Trapdoor,活板门,zh-CN
Trapped Chest,陷阱箱,zh-CN
Trial Spawner,试炼刷怪笼,zh-CN
Tripwire,绊线,zh-CN
Tripwire Hook,绊线钩,zh-CN
Tube Coral,管珊瑚,zh-CN
Tube Coral Block,管珊瑚块,zh-CN
Tube Coral Fan,管珊瑚扇,zh-CN
Tube Coral Wall Fan,墙上的管珊瑚扇,zh-CN
Tuff,凝灰岩,zh-CN
Tuff Brick Slab,凝灰岩砖台阶,zh-CN
Tuff Brick Stairs,凝灰岩砖楼梯,zh-CN
Tuff Brick Wall,凝灰岩砖墙,zh-CN
Tuff Bricks,凝灰岩砖,zh-CN
Tuff Slab,凝灰岩台阶,zh-CN
Tuff Stairs,凝灰岩楼梯,zh-CN
Tuff Wall,凝灰岩墙,zh-CN
Turtle Egg,海龟蛋,zh-CN
Twisting Vines,缠怨藤,zh-CN
Twisting Vines Plant,缠怨藤植株,zh-CN
Vault,宝库,zh-CN
Verdant Froglight,青翠蛙明灯,zh-CN
Vines,藤蔓,zh-CN
Void Air,虚空空气,zh-CN
Wall,墙,zh-CN
Wall Banner,墙上的旗帜,zh-CN
Wall Hanging Sign,墙上的悬挂式告示牌,zh-CN
Wall Sign,墙上的告示牌,zh-CN
Wall Torch,墙上的火把,zh-CN
Warped Button,诡异木按钮,zh-CN
Warped Door,诡异木门,zh-CN
Warped Fence,诡异木栅栏,zh-CN
Warped Fence Gate,诡异木栅栏门,zh-CN
Warped Fungus,诡异菌,zh-CN
Warped Hanging Sign,悬挂式诡异木告示牌,zh-CN
Warped Hyphae,诡异菌核,zh-CN
Warped Nylium,诡异菌岩,zh-CN
Warped Planks,诡异木板,zh-CN
Warped Pressure Plate,诡异木压力板,zh-CN
Warped Roots,诡异菌索,zh-CN
Warped Shelf,诡异木展示架,zh-CN
Warped Sign,诡异木告示牌,zh-CN
Warped Slab,诡异木台阶,zh-CN
Warped Stairs,诡异木楼梯,zh-CN
Warped Stem,诡异菌柄,zh-CN
Warped Trapdoor,诡异木活板门,zh-CN
Warped Wall Hanging Sign,墙上的悬挂式诡异木告示牌,zh-CN
Warped Wall Sign,墙上的诡异木告示牌,zh-CN
Warped Wart Block,诡异疣块,zh-CN
Water,水,zh-CN
Water Cauldron,装有水的炼药锅,zh-CN
Waxed Block of Copper,涂蜡的铜块,zh-CN
Waxed Chiseled Copper,涂蜡的雕纹铜块,zh-CN
Waxed Copper Bars,涂蜡的铜栏杆,zh-CN
Waxed Copper Bulb,涂蜡的铜灯,zh-CN
Waxed Copper Chain,涂蜡的铜链,zh-CN
Waxed Copper Chest,涂蜡的铜箱子,zh-CN
Waxed Copper Door,涂蜡的铜门,zh-CN
Waxed Copper Golem Statue,涂蜡的铜傀儡像,zh-CN
Waxed Copper Grate,涂蜡的铜格栅,zh-CN
Waxed Copper Lantern,涂蜡的铜灯笼,zh-CN
Waxed Copper Trapdoor,涂蜡的铜活板门,zh-CN
Waxed Cut Copper,涂蜡的切制铜块,zh-CN
Waxed Cut Copper Slab,涂蜡的切制铜台阶,zh-CN
Waxed Cut Copper Stairs,涂蜡的切制铜楼梯,zh-CN
Waxed Exposed Chiseled Copper,涂蜡的斑驳雕纹铜块,zh-CN
Waxed Exposed Copper,涂蜡的斑驳铜块,zh-CN
Waxed Exposed Copper Bars,涂蜡的斑驳铜栏杆,zh-CN
Waxed Exposed Copper Bulb,涂蜡的斑驳铜灯,zh-CN
Waxed Exposed Copper Chain,涂蜡的斑驳铜链,zh-CN
Waxed Exposed Copper Chest,涂蜡的斑驳铜箱子,zh-CN
Waxed Exposed Copper Door,涂蜡的斑驳铜门,zh-CN
Waxed Exposed Copper Golem Statue,涂蜡的斑驳铜傀儡像,zh-CN
Waxed Exposed Copper Grate,涂蜡的斑驳铜格栅,zh-CN
Waxed Exposed Copper Lantern,涂蜡的斑驳铜灯笼,zh-CN
Waxed Exposed Copper Trapdoor,涂蜡的斑驳铜活板门,zh-CN
Waxed Exposed Cut Copper,涂蜡的斑驳切制铜块,zh-CN
Waxed Exposed Cut Copper Slab,涂蜡的斑驳切制铜台阶,zh-CN
Waxed Exposed Cut Copper Stairs,涂蜡的斑驳切制铜楼梯,zh-CN
Waxed Exposed Lightning Rod,涂蜡的斑驳避雷针,zh-CN
Waxed Lightning Rod,涂蜡的避雷针,zh-CN
Waxed Oxidized Chiseled Copper,涂蜡的氧化雕纹铜块,zh-CN
Waxed Oxidized Copper,涂蜡的氧化铜块,zh-CN
Waxed Oxidized Copper Bars,涂蜡的氧化铜栏杆,zh-CN
Waxed Oxidized Copper Bulb,涂蜡的氧化铜灯,zh-CN
Waxed Oxidized Copper Chain,涂蜡的氧化铜链,zh-CN
Waxed Oxidized Copper Chest,涂蜡的氧化铜箱子,zh-CN
Waxed Oxidized Copper Door,涂蜡的氧化铜门,zh-CN
Waxed Oxidized Copper Golem Statue,涂蜡的氧化铜傀儡像,zh-CN
Waxed Oxidized Copper Grate,涂蜡的氧化铜格栅,zh-CN
Waxed Oxidized Copper Lantern,涂蜡的氧化铜灯笼,zh-CN
Waxed Oxidized Copper Trapdoor,涂蜡的氧化铜活板门,zh-CN
Waxed Oxidized Cut Copper,涂蜡的氧化切制铜块,zh-CN
Waxed Oxidized Cut Copper Slab,涂蜡的氧化切制铜台阶,zh-CN
Waxed Oxidized Cut Copper Stairs,涂蜡的氧化切制铜楼梯,zh-CN
Waxed Oxidized Lightning Rod,涂蜡的氧化避雷针,zh-CN
Waxed Weathered Chiseled Copper,涂蜡的锈蚀雕纹铜块,zh-CN
Waxed Weathered Copper,涂蜡的锈蚀铜块,zh-CN
Waxed Weathered Copper Bars,涂蜡的锈蚀铜栏杆,zh-CN
Waxed Weathered Copper Bulb,涂蜡的锈蚀铜灯,zh-CN
Waxed Weathered Copper Chain,涂蜡的锈蚀铜链,zh-CN
Waxed Weathered Copper Chest,涂蜡的锈蚀铜箱子,zh-CN
Waxed Weathered Copper Door,涂蜡的锈蚀铜门,zh-CN
Waxed Weathered Copper Golem Statue,涂蜡的锈蚀铜傀儡像,zh-CN
Waxed Weathered Copper Grate,涂蜡的锈蚀铜格栅,zh-CN
Waxed Weathered Copper Lantern,涂蜡的锈蚀铜灯笼,zh-CN
Waxed Weathered Copper Trapdoor,涂蜡的锈蚀铜活板门,zh-CN
Waxed Weathered Cut Copper,涂蜡的锈蚀切制铜块,zh-CN
Waxed Weathered Cut Copper Slab,涂蜡的锈蚀切制铜台阶,zh-CN
Waxed Weathered Cut Copper Stairs,涂蜡的锈蚀切制铜楼梯,zh-CN
Waxed Weathered Lightning Rod,涂蜡的锈蚀避雷针,zh-CN
Weathered Chiseled Copper,锈蚀的雕纹铜块,zh-CN
Weathered Copper,锈蚀的铜块,zh-CN
Weathered Copper Bars,锈蚀的铜栏杆,zh-CN
Weathered Copper Bulb,锈蚀的铜灯,zh-CN
Weathered Copper Chain,锈蚀的铜链,zh-CN
Weathered Copper Chest,锈蚀的铜箱子,zh-CN
Weathered Copper Door,锈蚀的铜门,zh-CN
Weathered Copper Golem Statue,锈蚀的铜傀儡像,zh-CN
Weathered Copper Grate,锈蚀的铜格栅,zh-CN
Weathered Copper Lantern,锈蚀的铜灯笼,zh-CN
Weathered Copper Trapdoor,锈蚀的铜活板门,zh-CN
Weathered Cut Copper,锈蚀的切制铜块,zh-CN
Weathered Cut Copper Slab,锈蚀的切制铜台阶,zh-CN
Weathered Cut Copper Stairs,锈蚀的切制铜楼梯,zh-CN
Weathered Lightning Rod,锈蚀的避雷针,zh-CN
Weeping Vines,垂泪藤,zh-CN
Weeping Vines Plant,垂泪藤植株,zh-CN
Weighted Pressure Plate,测重压力板,zh-CN
Wet Sponge,湿海绵,zh-CN
Wheat Crops,小麦植株,zh-CN
White Banner,白色旗帜,zh-CN
White Bed,白色床,zh-CN
White Candle,白色蜡烛,zh-CN
White Carpet,白色地毯,zh-CN
White Concrete,白色混凝土,zh-CN
White Concrete Powder,白色混凝土粉末,zh-CN
White Glazed Terracotta,白色带釉陶瓦,zh-CN
White Shulker Box,白色潜影盒,zh-CN
White Stained Glass,白色染色玻璃,zh-CN
White Stained Glass Pane,白色染色玻璃板,zh-CN
White Terracotta,白色陶瓦,zh-CN
White Tulip,白色郁金香,zh-CN
White Wall Banner,墙上的白色旗帜,zh-CN
White Wool,白色羊毛,zh-CN
Wildflowers,野花簇,zh-CN
Wither Rose,凋灵玫瑰,zh-CN
Wither Skeleton Skull,凋灵骷髅头颅,zh-CN
Wither Skeleton Wall Skull,墙上的凋灵骷髅头颅,zh-CN
Wood,木头,zh-CN
Wool,羊毛,zh-CN
Yellow Banner,黄色旗帜,zh-CN
Yellow Bed,黄色床,zh-CN
Yellow Candle,黄色蜡烛,zh-CN
Yellow Carpet,黄色地毯,zh-CN
Yellow Concrete,黄色混凝土,zh-CN
Yellow Concrete Powder,黄色混凝土粉末,zh-CN
Yellow Glazed Terracotta,黄色带釉陶瓦,zh-CN
Yellow Shulker Box,黄色潜影盒,zh-CN
Yellow Stained Glass,黄色染色玻璃,zh-CN
Yellow Stained Glass Pane,黄色染色玻璃板,zh-CN
Yellow Terracotta,黄色陶瓦,zh-CN
Yellow Wall Banner,墙上的黄色旗帜,zh-CN
Yellow Wool,黄色羊毛,zh-CN
Zombie Head,僵尸的头,zh-CN
Zombie Wall Head,墙上的僵尸的头,zh-CN
Acacia Boat,金合欢木船,zh-CN
Acacia Boat with Chest,金合欢木运输船,zh-CN
Allay Spawn Egg,悦灵刷怪蛋,zh-CN
Amethyst Shard,紫水晶碎片,zh-CN
Angler Pottery Sherd,垂钓纹样陶片,zh-CN
Apple,苹果,zh-CN
Archer Pottery Sherd,弓箭纹样陶片,zh-CN
Armadillo Scute,犰狳鳞甲,zh-CN
Armadillo Spawn Egg,犰狳刷怪蛋,zh-CN
Armor Stand,盔甲架,zh-CN
Arms Up Pottery Sherd,举臂纹样陶片,zh-CN
Arrow,箭,zh-CN
Arrow of Decay,衰变之箭,zh-CN
Arrow of Fire Resistance,抗火之箭,zh-CN
Arrow of Harming,伤害之箭,zh-CN
Arrow of Healing,治疗之箭,zh-CN
Arrow of Infestation,虫蚀之箭,zh-CN
Arrow of Invisibility,隐身之箭,zh-CN
Arrow of Leaping,跳跃之箭,zh-CN
Arrow of Luck,幸运之箭,zh-CN
Arrow of Night Vision,夜视之箭,zh-CN
Arrow of Oozing,渗浆之箭,zh-CN
Arrow of Poison,剧毒之箭,zh-CN
Arrow of Regeneration,再生之箭,zh-CN
Arrow of Slow Falling,缓降之箭,zh-CN
Arrow of Slowness,迟缓之箭,zh-CN
Arrow of Splashing,喷溅之箭,zh-CN
Arrow of Strength,力量之箭,zh-CN
Arrow of Swiftness,迅捷之箭,zh-CN
Arrow of the Turtle Master,神龟之箭,zh-CN
Arrow of Water Breathing,水肺之箭,zh-CN
Arrow of Weakness,虚弱之箭,zh-CN
Arrow of Weaving,盘丝之箭,zh-CN
Arrow of Wind Charging,蓄风之箭,zh-CN
Awkward Lingering Potion,滞留型粗制的药水,zh-CN
Awkward Potion,粗制的药水,zh-CN
Awkward Splash Potion,喷溅型粗制的药水,zh-CN
Axe,斧,zh-CN
Axolotl Spawn Egg,美西螈刷怪蛋,zh-CN
Baked Potato,烤马铃薯,zh-CN
Bamboo Raft,竹筏,zh-CN
Bamboo Raft with Chest,运输竹筏,zh-CN
Banner Pattern,旗帜图案,zh-CN
Bat Spawn Egg,蝙蝠刷怪蛋,zh-CN
Bee Spawn Egg,蜜蜂刷怪蛋,zh-CN
Beetroot,甜菜根,zh-CN
Beetroot Seeds,甜菜种子,zh-CN
Beetroot Soup,甜菜汤,zh-CN
Birch Boat,白桦木船,zh-CN
Birch Boat with Chest,白桦木运输船,zh-CN
Black Bundle,黑色收纳袋,zh-CN
Black Dye,黑色染料,zh-CN
Black Harness,黑色挽具,zh-CN
Blade Pottery Sherd,利刃纹样陶片,zh-CN
Blaze Powder,烈焰粉,zh-CN
Blaze Rod,烈焰棒,zh-CN
Blaze Spawn Egg,烈焰人刷怪蛋,zh-CN
Blue Bundle,蓝色收纳袋,zh-CN
Blue Dye,蓝色染料,zh-CN
Blue Egg,蓝色鸡蛋,zh-CN
Blue Harness,蓝色挽具,zh-CN
Bogged Spawn Egg,沼骸刷怪蛋,zh-CN
Bolt Armor Trim,镶铆盔甲纹饰,zh-CN
Bone,骨头,zh-CN
Bone Meal,骨粉,zh-CN
Book,书,zh-CN
Book And Quill,书与笔,zh-CN
Boots,靴子,zh-CN
Bordure Indented Banner Pattern,波纹边旗帜图案,zh-CN
Bottle o' Enchanting,附魔之瓶,zh-CN
Bow,弓,zh-CN
Bowl,碗,zh-CN
Bread,面包,zh-CN
Breeze Rod,旋风棒,zh-CN
Breeze Spawn Egg,旋风人刷怪蛋,zh-CN
Brewer Pottery Sherd,佳酿纹样陶片,zh-CN
Brick,红砖,zh-CN
Brown Bundle,棕色收纳袋,zh-CN
Brown Dye,棕色染料,zh-CN
Brown Egg,棕色鸡蛋,zh-CN
Brown Harness,棕色挽具,zh-CN
Brush,刷子,zh-CN
Bucket,铁桶,zh-CN
Bucket of Axolotl,美西螈桶,zh-CN
Bucket of Cod,鳕鱼桶,zh-CN
Bucket of Pufferfish,河豚桶,zh-CN
Bucket of Salmon,鲑鱼桶,zh-CN
Bucket of Sulfur Cube,硫方怪桶,zh-CN
Bucket of Tadpole,蝌蚪桶,zh-CN
Bucket of Tropical Fish,热带鱼桶,zh-CN
Bundle,收纳袋,zh-CN
Buried Treasure Map,藏宝图,zh-CN
Burn Pottery Sherd,烈焰纹样陶片,zh-CN
Camel Husk Spawn Egg,骆驼尸壳刷怪蛋,zh-CN
Camel Spawn Egg,骆驼刷怪蛋,zh-CN
Carrot,胡萝卜,zh-CN
Carrot on a Stick,胡萝卜钓竿,zh-CN
Cat Spawn Egg,猫刷怪蛋,zh-CN
Cave Spider Spawn Egg,洞穴蜘蛛刷怪蛋,zh-CN
Chainmail Boots,锁链靴子,zh-CN
Chainmail Chestplate,锁链胸甲,zh-CN
Chainmail Helmet,锁链头盔,zh-CN
Chainmail Leggings,锁链护腿,zh-CN
Charcoal,木炭,zh-CN
Cherry Boat,樱花木船,zh-CN
Cherry Boat with Chest,樱花木运输船,zh-CN
Chestplate,胸甲,zh-CN
Chicken Spawn Egg,鸡刷怪蛋,zh-CN
Chorus Fruit,紫颂果,zh-CN
Clay Ball,黏土球,zh-CN
Clock,时钟,zh-CN
Coal,煤炭,zh-CN
Coast Armor Trim,海岸盔甲纹饰,zh-CN
Cocoa Beans,可可豆,zh-CN
Cod Spawn Egg,鳕鱼刷怪蛋,zh-CN
Compass,指南针,zh-CN
Cooked Chicken,熟鸡肉,zh-CN
Cooked Cod,熟鳕鱼,zh-CN
Cooked Mutton,熟羊肉,zh-CN
Cooked Porkchop,熟猪排,zh-CN
Cooked Rabbit,熟兔肉,zh-CN
Cooked Salmon,熟鲑鱼,zh-CN
Cookie,曲奇,zh-CN
Copper Axe,铜斧,zh-CN
Copper Boots,铜靴子,zh-CN
Copper Chestplate,铜胸甲,zh-CN
Copper Golem Spawn Egg,铜傀儡刷怪蛋,zh-CN
Copper Helmet,铜头盔,zh-CN
Copper Hoe,铜锄,zh-CN
Copper Horse Armor,铜马铠,zh-CN
Copper Ingot,铜锭,zh-CN
Copper Leggings,铜护腿,zh-CN
Copper Nautilus Armor,铜鹦鹉螺铠,zh-CN
Copper Nugget,铜粒,zh-CN
Copper Pickaxe,铜镐,zh-CN
Copper Shovel,铜锹,zh-CN
Copper Spear,铜矛,zh-CN
Copper Sword,铜剑,zh-CN
Cow Spawn Egg,牛刷怪蛋,zh-CN
Creaking Spawn Egg,嘎枝刷怪蛋,zh-CN
Creeper Charge Banner Pattern,苦力怕盾徽旗帜图案,zh-CN
Creeper Spawn Egg,苦力怕刷怪蛋,zh-CN
Crossbow,弩,zh-CN
Cyan Bundle,青色收纳袋,zh-CN
Cyan Dye,青色染料,zh-CN
Cyan Harness,青色挽具,zh-CN
Danger Pottery Sherd,危机纹样陶片,zh-CN
Dark Oak Boat,深色橡木船,zh-CN
Dark Oak Boat with Chest,深色橡木运输船,zh-CN
Debug Stick,调试棒,zh-CN
Desert Village Map,沙漠村庄地图,zh-CN
Diamond,钻石,zh-CN
Diamond Axe,钻石斧,zh-CN
Diamond Boots,钻石靴子,zh-CN
Diamond Chestplate,钻石胸甲,zh-CN
Diamond Helmet,钻石头盔,zh-CN
Diamond Hoe,钻石锄,zh-CN
Diamond Horse Armor,钻石马铠,zh-CN
Diamond Leggings,钻石护腿,zh-CN
Diamond Nautilus Armor,钻石鹦鹉螺铠,zh-CN
Diamond Pickaxe,钻石镐,zh-CN
Diamond Shovel,钻石锹,zh-CN
Diamond Spear,钻石矛,zh-CN
Diamond Sword,钻石剑,zh-CN
Disc Fragment,唱片残片,zh-CN
Dolphin Spawn Egg,海豚刷怪蛋,zh-CN
Donkey Spawn Egg,驴刷怪蛋,zh-CN
Dragon's Breath,龙息,zh-CN
Dried Kelp,干海带,zh-CN
Drowned Spawn Egg,溺尸刷怪蛋,zh-CN
Dune Armor Trim,沙丘盔甲纹饰,zh-CN
Dye,染料,zh-CN
Echo Shard,回响碎片,zh-CN
Egg,鸡蛋,zh-CN
Elder Guardian Spawn Egg,远古守卫者刷怪蛋,zh-CN
Elytra,鞘翅,zh-CN
Emerald,绿宝石,zh-CN
Empty Map,空地图,zh-CN
Enchanted Book,附魔书,zh-CN
Enchanted Golden Apple,附魔金苹果,zh-CN
End Crystal,末地水晶,zh-CN
Ender Dragon Spawn Egg,末影龙刷怪蛋,zh-CN
Ender Pearl,末影珍珠,zh-CN
Enderman Spawn Egg,末影人刷怪蛋,zh-CN
Endermite Spawn Egg,末影螨刷怪蛋,zh-CN
Evoker Spawn Egg,唤魔者刷怪蛋,zh-CN
Explorer Pottery Sherd,探险纹样陶片,zh-CN
Eye Armor Trim,眼眸盔甲纹饰,zh-CN
Eye of Ender,末影之眼,zh-CN
Feather,羽毛,zh-CN
Fermented Spider Eye,发酵蛛眼,zh-CN
Field Masoned Banner Pattern,砖纹旗帜图案,zh-CN
Fire Charge,火焰弹,zh-CN
Firework Rocket,烟花火箭,zh-CN
Firework Star,烟火之星,zh-CN
Fishing Rod,钓鱼竿,zh-CN
Flint,燧石,zh-CN
Flint And Steel,打火石,zh-CN
Flow Armor Trim,涡流盔甲纹饰,zh-CN
Flow Banner Pattern,涡流旗帜图案,zh-CN
Flow Pottery Sherd,涡流纹样陶片,zh-CN
Flower Charge Banner Pattern,花朵盾徽旗帜图案,zh-CN
Fox Spawn Egg,狐狸刷怪蛋,zh-CN
Friend Pottery Sherd,挚友纹样陶片,zh-CN
Frog Spawn Egg,青蛙刷怪蛋,zh-CN
Ghast Spawn Egg,恶魂刷怪蛋,zh-CN
Ghast Tear,恶魂之泪,zh-CN
Glass Bottle,玻璃瓶,zh-CN
Glistering Melon Slice,闪烁的西瓜片,zh-CN
Globe Banner Pattern,地球旗帜图案,zh-CN
Glow Berries,发光浆果,zh-CN
Glow Ink Sac,荧光墨囊,zh-CN
Glow Item Frame,荧光物品展示框,zh-CN
Glow Squid Spawn Egg,发光鱿鱼刷怪蛋,zh-CN
Glowstone Dust,荧石粉,zh-CN
Goat Horn,山羊角,zh-CN
Goat Spawn Egg,山羊刷怪蛋,zh-CN
Gold Ingot,金锭,zh-CN
Gold Nugget,金粒,zh-CN
Golden Apple,金苹果,zh-CN
Golden Axe,金斧,zh-CN
Golden Boots,金靴子,zh-CN
Golden Carrot,金胡萝卜,zh-CN
Golden Chestplate,金胸甲,zh-CN
Golden Helmet,金头盔,zh-CN
Golden Hoe,金锄,zh-CN
Golden Horse Armor,金马铠,zh-CN
Golden Leggings,金护腿,zh-CN
Golden Nautilus Armor,金鹦鹉螺铠,zh-CN
Golden Pickaxe,金镐,zh-CN
Golden Shovel,金锹,zh-CN
Golden Spear,金矛,zh-CN
Golden Sword,金剑,zh-CN
Gray Bundle,灰色收纳袋,zh-CN
Gray Dye,灰色染料,zh-CN
Gray Harness,灰色挽具,zh-CN
Green Bundle,绿色收纳袋,zh-CN
Green Dye,绿色染料,zh-CN
Green Harness,绿色挽具,zh-CN
Guardian Spawn Egg,守卫者刷怪蛋,zh-CN
Gunpowder,火药,zh-CN
Guster Banner Pattern,旋风旗帜图案,zh-CN
Guster Pottery Sherd,旋风纹样陶片,zh-CN
Happy Ghast Spawn Egg,快乐恶魂刷怪蛋,zh-CN
Heart of the Sea,海洋之心,zh-CN
Heart Pottery Sherd,爱心纹样陶片,zh-CN
Heartbreak Pottery Sherd,心碎纹样陶片,zh-CN
Helmet,头盔,zh-CN
Hoe,锄,zh-CN
Hoglin Spawn Egg,疣猪兽刷怪蛋,zh-CN
Honey Bottle,蜂蜜瓶,zh-CN
Honeycomb,蜜脾,zh-CN
Horse Armor,马铠,zh-CN
Horse Spawn Egg,马刷怪蛋,zh-CN
Host Armor Trim,雇主盔甲纹饰,zh-CN
Howl Pottery Sherd,狼嚎纹样陶片,zh-CN
Husk Spawn Egg,尸壳刷怪蛋,zh-CN
Ink Sac,墨囊,zh-CN
Iron Axe,铁斧,zh-CN
Iron Boots,铁靴子,zh-CN
Iron Chestplate,铁胸甲,zh-CN
Iron Golem Spawn Egg,铁傀儡刷怪蛋,zh-CN
Iron Helmet,铁头盔,zh-CN
Iron Hoe,铁锄,zh-CN
Iron Horse Armor,铁马铠,zh-CN
Iron Ingot,铁锭,zh-CN
Iron Leggings,铁护腿,zh-CN
Iron Nautilus Armor,铁鹦鹉螺铠,zh-CN
Iron Nugget,铁粒,zh-CN
Iron Pickaxe,铁镐,zh-CN
Iron Shovel,铁锹,zh-CN
Iron Spear,铁矛,zh-CN
Iron Sword,铁剑,zh-CN
Item Frame,物品展示框,zh-CN
Jungle Boat,丛林木船,zh-CN
Jungle Boat with Chest,丛林木运输船,zh-CN
Jungle Explorer Map,丛林探险家地图,zh-CN
Knowledge Book,知识之书,zh-CN
Lapis Lazuli,青金石,zh-CN
Lava Bucket,熔岩桶,zh-CN
Lead,拴绳,zh-CN
Leather,皮革,zh-CN
Leather Boots,皮革靴子,zh-CN
Leather Cap,皮革帽子,zh-CN
Leather Horse Armor,皮革马铠,zh-CN
Leather Pants,皮革裤子,zh-CN
Leather Tunic,皮革外套,zh-CN
Leggings,护腿,zh-CN
Light Blue Bundle,淡蓝色收纳袋,zh-CN
Light Blue Dye,淡蓝色染料,zh-CN
Light Blue Harness,淡蓝色挽具,zh-CN
Light Gray Bundle,淡灰色收纳袋,zh-CN
Light Gray Dye,淡灰色染料,zh-CN
Light Gray Harness,淡灰色挽具,zh-CN
Lime Bundle,黄绿色收纳袋,zh-CN
Lime Dye,黄绿色染料,zh-CN
Lime Harness,黄绿色挽具,zh-CN
Lingering Potion,滞留药水,zh-CN
Lingering Potion of Fire Resistance,滞留型抗火药水,zh-CN
Lingering Potion of Harming,滞留型伤害药水,zh-CN
Lingering Potion of Healing,滞留型治疗药水,zh-CN
Lingering Potion of Infestation,滞留型虫蚀药水,zh-CN
Lingering Potion of Invisibility,滞留型隐身药水,zh-CN
Lingering Potion of Leaping,滞留型跳跃药水,zh-CN
Lingering Potion of Luck,滞留型幸运药水,zh-CN
Lingering Potion of Night Vision,滞留型夜视药水,zh-CN
Lingering Potion of Oozing,滞留型渗浆药水,zh-CN
Lingering Potion of Poison,滞留型剧毒药水,zh-CN
Lingering Potion of Regeneration,滞留型再生药水,zh-CN
Lingering Potion of Slow Falling,滞留型缓降药水,zh-CN
Lingering Potion of Slowness,滞留型迟缓药水,zh-CN
Lingering Potion of Strength,滞留型力量药水,zh-CN
Lingering Potion of Swiftness,滞留型迅捷药水,zh-CN
Lingering Potion of the Turtle Master,滞留型神龟药水,zh-CN
Lingering Potion of Water Breathing,滞留型水肺药水,zh-CN
Lingering Potion of Weakness,滞留型虚弱药水,zh-CN
Lingering Potion of Weaving,滞留型盘丝药水,zh-CN
Lingering Potion of Wind Charging,滞留型蓄风药水,zh-CN
Lingering Uncraftable Potion,不可合成的滞留型药水,zh-CN
Lingering Water Bottle,滞留型水瓶,zh-CN
Llama Spawn Egg,羊驼刷怪蛋,zh-CN
Lodestone Compass,磁石指针,zh-CN
Mace,重锤,zh-CN
Magenta Bundle,品红色收纳袋,zh-CN
Magenta Dye,品红色染料,zh-CN
Magenta Harness,品红色挽具,zh-CN
Magma Cream,岩浆膏,zh-CN
Magma Cube Spawn Egg,岩浆怪刷怪蛋,zh-CN
Mangrove Boat,红树木船,zh-CN
Mangrove Boat with Chest,红树木运输船,zh-CN
Map,地图,zh-CN
Melon Seeds,西瓜种子,zh-CN
Melon Slice,西瓜片,zh-CN
Milk Bucket,奶桶,zh-CN
Minecart,矿车,zh-CN
Minecart with Chest,运输矿车,zh-CN
Minecart with Command Block,命令方块矿车,zh-CN
Minecart with Furnace,动力矿车,zh-CN
Minecart with Hopper,漏斗矿车,zh-CN
Minecart with TNT,TNT矿车,zh-CN
Miner Pottery Sherd,采矿纹样陶片,zh-CN
Mooshroom Spawn Egg,哞菇刷怪蛋,zh-CN
Mourner Pottery Sherd,悲恸纹样陶片,zh-CN
Mule Spawn Egg,骡刷怪蛋,zh-CN
Mundane Lingering Potion,滞留型平凡的药水,zh-CN
Mundane Potion,平凡的药水,zh-CN
Mundane Splash Potion,喷溅型平凡的药水,zh-CN
Mushroom Stew,蘑菇煲,zh-CN
Music Disc,音乐唱片,zh-CN
Name Tag,命名牌,zh-CN
Nautilus Armor,鹦鹉螺铠,zh-CN
Nautilus Shell,鹦鹉螺壳,zh-CN
Nautilus Spawn Egg,鹦鹉螺刷怪蛋,zh-CN
Nether Brick,下界砖,zh-CN
Nether Quartz,下界石英,zh-CN
Nether Star,下界之星,zh-CN
Netherite Axe,下界合金斧,zh-CN
Netherite Boots,下界合金靴子,zh-CN
Netherite Chestplate,下界合金胸甲,zh-CN
Netherite Helmet,下界合金头盔,zh-CN
Netherite Hoe,下界合金锄,zh-CN
Netherite Horse Armor,下界合金马铠,zh-CN
Netherite Ingot,下界合金锭,zh-CN
Netherite Leggings,下界合金护腿,zh-CN
Netherite Nautilus Armor,下界合金鹦鹉螺铠,zh-CN
Netherite Pickaxe,下界合金镐,zh-CN
Netherite Scrap,下界合金碎片,zh-CN
Netherite Shovel,下界合金锹,zh-CN
Netherite Spear,下界合金矛,zh-CN
Netherite Sword,下界合金剑,zh-CN
Netherite Upgrade,下界合金升级,zh-CN
Oak Boat,橡木船,zh-CN
Oak Boat with Chest,橡木运输船,zh-CN
Ocean Explorer Map,海洋探险家地图,zh-CN
Ocelot Spawn Egg,豹猫刷怪蛋,zh-CN
Ominous Bottle,不祥之瓶,zh-CN
Ominous Trial Key,不祥试炼钥匙,zh-CN
Orange Bundle,橙色收纳袋,zh-CN
Orange Dye,橙色染料,zh-CN
Orange Harness,橙色挽具,zh-CN
Painting,画,zh-CN
Pale Oak Boat,苍白橡木船,zh-CN
Pale Oak Boat with Chest,苍白橡木运输船,zh-CN
Panda Spawn Egg,熊猫刷怪蛋,zh-CN
Paper,纸,zh-CN
Parched Spawn Egg,焦骸刷怪蛋,zh-CN
Parrot Spawn Egg,鹦鹉刷怪蛋,zh-CN
Phantom Membrane,幻翼膜,zh-CN
Phantom Spawn Egg,幻翼刷怪蛋,zh-CN
Pickaxe,镐,zh-CN
Pig Spawn Egg,猪刷怪蛋,zh-CN
Piglin Brute Spawn Egg,猪灵蛮兵刷怪蛋,zh-CN
Piglin Spawn Egg,猪灵刷怪蛋,zh-CN
Pillager Spawn Egg,掠夺者刷怪蛋,zh-CN
Pink Bundle,粉红色收纳袋,zh-CN
Pink Dye,粉红色染料,zh-CN
Pink Harness,粉红色挽具,zh-CN
Pitcher Pod,瓶子草荚果,zh-CN
Plains Village Map,平原村庄地图,zh-CN
Plenty Pottery Sherd,富饶纹样陶片,zh-CN
Poisonous Potato,毒马铃薯,zh-CN
Polar Bear Spawn Egg,北极熊刷怪蛋,zh-CN
Popped Chorus Fruit,爆裂紫颂果,zh-CN
Potato,马铃薯,zh-CN
Potion,药水,zh-CN
Potion of Fire Resistance,抗火药水,zh-CN
Potion of Harming,伤害药水,zh-CN
Potion of Healing,治疗药水,zh-CN
Potion of Infestation,虫蚀药水,zh-CN
Potion of Invisibility,隐身药水,zh-CN
Potion of Leaping,跳跃药水,zh-CN
Potion of Luck,幸运药水,zh-CN
Potion of Night Vision,夜视药水,zh-CN
Potion of Oozing,渗浆药水,zh-CN
Potion of Poison,剧毒药水,zh-CN
Potion of Regeneration,再生药水,zh-CN
Potion of Slow Falling,缓降药水,zh-CN
Potion of Slowness,迟缓药水,zh-CN
Potion of Strength,力量药水,zh-CN
Potion of Swiftness,迅捷药水,zh-CN
Potion of the Turtle Master,神龟药水,zh-CN
Potion of Water Breathing,水肺药水,zh-CN
Potion of Weakness,虚弱药水,zh-CN
Potion of Weaving,盘丝药水,zh-CN
Potion of Wind Charging,蓄风药水,zh-CN
Pottery Sherd,陶片,zh-CN
Powder Snow Bucket,细雪桶,zh-CN
Prismarine Crystals,海晶砂粒,zh-CN
Prismarine Shard,海晶碎片,zh-CN
Prize Pottery Sherd,珍宝纹样陶片,zh-CN
Pufferfish,河豚,zh-CN
Pufferfish Spawn Egg,河豚刷怪蛋,zh-CN
Pumpkin Pie,南瓜派,zh-CN
Pumpkin Seeds,南瓜种子,zh-CN
Purple Bundle,紫色收纳袋,zh-CN
Purple Dye,紫色染料,zh-CN
Purple Harness,紫色挽具,zh-CN
Rabbit Hide,兔子皮,zh-CN
Rabbit Spawn Egg,兔子刷怪蛋,zh-CN
Rabbit Stew,兔肉煲,zh-CN
Rabbit's Foot,兔子脚,zh-CN
Raiser Armor Trim,牧民盔甲纹饰,zh-CN
Ravager Spawn Egg,劫掠兽刷怪蛋,zh-CN
Raw Beef,生牛肉,zh-CN
Raw Chicken,生鸡肉,zh-CN
Raw Cod,生鳕鱼,zh-CN
Raw Copper,粗铜,zh-CN
Raw Gold,粗金,zh-CN
Raw Iron,粗铁,zh-CN
Raw Mutton,生羊肉,zh-CN
Raw Porkchop,生猪排,zh-CN
Raw Rabbit,生兔肉,zh-CN
Raw Salmon,生鲑鱼,zh-CN
Recovery Compass,追溯指针,zh-CN
Red Bundle,红色收纳袋,zh-CN
Red Dye,红色染料,zh-CN
Red Harness,红色挽具,zh-CN
Redstone Dust,红石粉,zh-CN
Resin Brick,树脂砖,zh-CN
Rib Armor Trim,肋骨盔甲纹饰,zh-CN
Rotten Flesh,腐肉,zh-CN
Saddle,鞍,zh-CN
Salmon Spawn Egg,鲑鱼刷怪蛋,zh-CN
Savanna Village Map,热带草原村庄地图,zh-CN
Scrape Pottery Sherd,刮削纹样陶片,zh-CN
Sentry Armor Trim,哨兵盔甲纹饰,zh-CN
Shaper Armor Trim,塑造盔甲纹饰,zh-CN
Sheaf Pottery Sherd,麦捆纹样陶片,zh-CN
Shears,剪刀,zh-CN
Sheep Spawn Egg,绵羊刷怪蛋,zh-CN
Shelter Pottery Sherd,树荫纹样陶片,zh-CN
Shield,盾牌,zh-CN
Shovel,锹,zh-CN
Shulker Shell,潜影壳,zh-CN
Shulker Spawn Egg,潜影贝刷怪蛋,zh-CN
Silence Armor Trim,幽静盔甲纹饰,zh-CN
Silverfish Spawn Egg,蠹虫刷怪蛋,zh-CN
Skeleton Horse Spawn Egg,骷髅马刷怪蛋,zh-CN
Skeleton Spawn Egg,骷髅刷怪蛋,zh-CN
Skull Charge Banner Pattern,头颅盾徽旗帜图案,zh-CN
Skull Pottery Sherd,头颅纹样陶片,zh-CN
Slime Spawn Egg,史莱姆刷怪蛋,zh-CN
Slimeball,黏液球,zh-CN
Smithing Template,锻造模板,zh-CN
Sniffer Spawn Egg,嗅探兽刷怪蛋,zh-CN
Snort Pottery Sherd,嗅探纹样陶片,zh-CN
Snout Armor Trim,猪鼻盔甲纹饰,zh-CN
Snout Banner Pattern,猪鼻旗帜图案,zh-CN
Snow Golem Spawn Egg,雪傀儡刷怪蛋,zh-CN
Snowball,雪球,zh-CN
Snowy Village Map,雪原村庄地图,zh-CN
Spawn Egg,刷怪蛋,zh-CN
Spear,矛,zh-CN
Spectral Arrow,光灵箭,zh-CN
Spider Eye,蜘蛛眼,zh-CN
Spider Spawn Egg,蜘蛛刷怪蛋,zh-CN
Spire Armor Trim,尖塔盔甲纹饰,zh-CN
Splash Potion,喷溅药水,zh-CN
Splash Potion of Fire Resistance,喷溅型抗火药水,zh-CN
Splash Potion of Harming,喷溅型伤害药水,zh-CN
Splash Potion of Healing,喷溅型治疗药水,zh-CN
Splash Potion of Infestation,喷溅型虫蚀药水,zh-CN
Splash Potion of Invisibility,喷溅型隐身药水,zh-CN
Splash Potion of Leaping,喷溅型跳跃药水,zh-CN
Splash Potion of Luck,喷溅型幸运药水,zh-CN
Splash Potion of Night Vision,喷溅型夜视药水,zh-CN
Splash Potion of Oozing,喷溅型渗浆药水,zh-CN
Splash Potion of Poison,喷溅型剧毒药水,zh-CN
Splash Potion of Regeneration,喷溅型再生药水,zh-CN
Splash Potion of Slow Falling,喷溅型缓降药水,zh-CN
Splash Potion of Slowness,喷溅型迟缓药水,zh-CN
Splash Potion of Strength,喷溅型力量药水,zh-CN
Splash Potion of Swiftness,喷溅型迅捷药水,zh-CN
Splash Potion of the Turtle Master,喷溅型神龟药水,zh-CN
Splash Potion of Water Breathing,喷溅型水肺药水,zh-CN
Splash Potion of Weakness,喷溅型虚弱药水,zh-CN
Splash Potion of Weaving,喷溅型盘丝药水,zh-CN
Splash Potion of Wind Charging,喷溅型蓄风药水,zh-CN
Splash Uncraftable Potion,不可合成的喷溅型药水,zh-CN
Splash Water Bottle,喷溅型水瓶,zh-CN
Spruce Boat,云杉木船,zh-CN
Spruce Boat with Chest,云杉木运输船,zh-CN
Spyglass,望远镜,zh-CN
Squid Spawn Egg,鱿鱼刷怪蛋,zh-CN
Steak,牛排,zh-CN
Stick,木棍,zh-CN
Stone Axe,石斧,zh-CN
Stone Hoe,石锄,zh-CN
Stone Pickaxe,石镐,zh-CN
Stone Shovel,石锹,zh-CN
Stone Spear,石矛,zh-CN
Stone Sword,石剑,zh-CN
Stray Spawn Egg,流浪者刷怪蛋,zh-CN
Strider Spawn Egg,炽足兽刷怪蛋,zh-CN
String,线,zh-CN
Sugar,糖,zh-CN
Sulfur Cube Spawn Egg,硫方怪刷怪蛋,zh-CN
Suspicious Stew,谜之炖菜,zh-CN
Swamp Explorer Map,沼泽探险家地图,zh-CN
Sweet Berries,甜浆果,zh-CN
Sword,剑,zh-CN
Tadpole Spawn Egg,蝌蚪刷怪蛋,zh-CN
Taiga Village Map,针叶林村庄地图,zh-CN
Thick Lingering Potion,滞留型浓稠的药水,zh-CN
Thick Potion,浓稠的药水,zh-CN
Thick Splash Potion,喷溅型浓稠的药水,zh-CN
Thing Banner Pattern,Mojang徽标旗帜图案,zh-CN
Tide Armor Trim,潮汐盔甲纹饰,zh-CN
Tipped Arrow,药箭,zh-CN
Torchflower Seeds,火把花种子,zh-CN
Totem of Undying,不死图腾,zh-CN
Trader Llama Spawn Egg,行商羊驼刷怪蛋,zh-CN
Trial Chambers Map,试炼密室地图,zh-CN
Trial Explorer Map,试炼探险家地图,zh-CN
Trial Key,试炼钥匙,zh-CN
Trident,三叉戟,zh-CN
Tropical Fish,热带鱼,zh-CN
Tropical Fish Spawn Egg,热带鱼刷怪蛋,zh-CN
Turtle Scute,海龟鳞甲,zh-CN
Turtle Shell,海龟壳,zh-CN
Turtle Spawn Egg,海龟刷怪蛋,zh-CN
Uncraftable Potion,不可合成的药水,zh-CN
Uncraftable Tipped Arrow,不可合成的药箭,zh-CN
Vex Armor Trim,恼鬼盔甲纹饰,zh-CN
Vex Spawn Egg,恼鬼刷怪蛋,zh-CN
Villager Spawn Egg,村民刷怪蛋,zh-CN
Vindicator Spawn Egg,卫道士刷怪蛋,zh-CN
Wandering Trader Spawn Egg,流浪商人刷怪蛋,zh-CN
Ward Armor Trim,监守盔甲纹饰,zh-CN
Warden Spawn Egg,监守者刷怪蛋,zh-CN
Warped Fungus on a Stick,诡异菌钓竿,zh-CN
Water Bottle,水瓶,zh-CN
Water Bucket,水桶,zh-CN
Wayfinder Armor Trim,向导盔甲纹饰,zh-CN
Wheat,小麦,zh-CN
Wheat Seeds,小麦种子,zh-CN
White Bundle,白色收纳袋,zh-CN
White Dye,白色染料,zh-CN
White Harness,白色挽具,zh-CN
Wild Armor Trim,荒野盔甲纹饰,zh-CN
Wind Charge,风弹,zh-CN
Witch Spawn Egg,女巫刷怪蛋,zh-CN
Wither Skeleton Spawn Egg,凋灵骷髅刷怪蛋,zh-CN
Wither Spawn Egg,凋灵刷怪蛋,zh-CN
Wolf Armor,狼铠,zh-CN
Wolf Spawn Egg,狼刷怪蛋,zh-CN
Wooden Axe,木斧,zh-CN
Wooden Hoe,木锄,zh-CN
Wooden Pickaxe,木镐,zh-CN
Wooden Shovel,木锹,zh-CN
Wooden Spear,木矛,zh-CN
Wooden Sword,木剑,zh-CN
Woodland Explorer Map,林地探险家地图,zh-CN
Written Book,成书,zh-CN
Yellow Bundle,黄色收纳袋,zh-CN
Yellow Dye,黄色染料,zh-CN
Yellow Harness,黄色挽具,zh-CN
Zoglin Spawn Egg,僵尸疣猪兽刷怪蛋,zh-CN
Zombie Horse Spawn Egg,僵尸马刷怪蛋,zh-CN
Zombie Nautilus Spawn Egg,僵尸鹦鹉螺刷怪蛋,zh-CN
Zombie Spawn Egg,僵尸刷怪蛋,zh-CN
Zombie Villager Spawn Egg,僵尸村民刷怪蛋,zh-CN
Zombified Piglin Spawn Egg,僵尸猪灵刷怪蛋,zh-CN
Allay,悦灵,zh-CN
Area Effect Cloud,区域效果云,zh-CN
Armadillo,犰狳,zh-CN
Axolotl,美西螈,zh-CN
Bat,蝙蝠,zh-CN
Bee,蜜蜂,zh-CN
Blaze,烈焰人,zh-CN
Block Display,方块展示实体,zh-CN
Boat,船,zh-CN
Boat with Chest,运输船,zh-CN
Bogged,沼骸,zh-CN
Breeze,旋风人,zh-CN
Camel,骆驼,zh-CN
Camel Husk,骆驼尸壳,zh-CN
Cat,猫,zh-CN
Cave Spider,洞穴蜘蛛,zh-CN
Chicken,鸡,zh-CN
Cod,鳕鱼,zh-CN
Copper Golem,铜傀儡,zh-CN
Cow,牛,zh-CN
Creaking,嘎枝,zh-CN
Creeper,苦力怕,zh-CN
Dolphin,海豚,zh-CN
Donkey,驴,zh-CN
Dragon Fireball,末影龙火球,zh-CN
Drowned,溺尸,zh-CN
Elder Guardian,远古守卫者,zh-CN
Ender Dragon,末影龙,zh-CN
Enderman,末影人,zh-CN
Endermite,末影螨,zh-CN
Evoker,唤魔者,zh-CN
Evoker Fangs,唤魔者尖牙,zh-CN
Experience Orb,经验球,zh-CN
Falling Block,下落的方块,zh-CN
Fireball,火球,zh-CN
Fishing Bobber,浮漂,zh-CN
Fox,狐狸,zh-CN
Frog,青蛙,zh-CN
Ghast,恶魂,zh-CN
Giant,巨人,zh-CN
Glow Squid,发光鱿鱼,zh-CN
Goat,山羊,zh-CN
Guardian,守卫者,zh-CN
Happy Ghast,快乐恶魂,zh-CN
Hoglin,疣猪兽,zh-CN
Horse,马,zh-CN
Husk,尸壳,zh-CN
Illusioner,幻术师,zh-CN
Interaction,交互实体,zh-CN
Iron Golem,铁傀儡,zh-CN
Item,物品,zh-CN
Item Display,物品展示实体,zh-CN
Leash Knot,拴绳结,zh-CN
Lightning Bolt,闪电束,zh-CN
Llama,羊驼,zh-CN
Llama Spit,羊驼唾沫,zh-CN
Magma Cube,岩浆怪,zh-CN
Mannequin,玩家模型,zh-CN
Marker,标记,zh-CN
Minecart with Monster Spawner,刷怪笼矿车,zh-CN
Mooshroom,哞菇,zh-CN
Mule,骡,zh-CN
Nautilus,鹦鹉螺,zh-CN
Ocelot,豹猫,zh-CN
Ominous Item Spawner,不祥之物生成器,zh-CN
Panda,熊猫,zh-CN
Parched,焦骸,zh-CN
Parrot,鹦鹉,zh-CN
Phantom,幻翼,zh-CN
Pig,猪,zh-CN
Piglin,猪灵,zh-CN
Piglin Brute,猪灵蛮兵,zh-CN
Pillager,掠夺者,zh-CN
Player,玩家,zh-CN
Polar Bear,北极熊,zh-CN
Primed TNT,被激活的TNT,zh-CN
Rabbit,兔子,zh-CN
Ravager,劫掠兽,zh-CN
Salmon,鲑鱼,zh-CN
Sheep,绵羊,zh-CN
Shulker,潜影贝,zh-CN
Shulker Bullet,潜影弹,zh-CN
Silverfish,蠹虫,zh-CN
Skeleton,骷髅,zh-CN
Skeleton Horse,骷髅马,zh-CN
Slime,史莱姆,zh-CN
Small Fireball,小火球,zh-CN
Sniffer,嗅探兽,zh-CN
Snow Golem,雪傀儡,zh-CN
Spider,蜘蛛,zh-CN
Squid,鱿鱼,zh-CN
Stray,流浪者,zh-CN
Strider,炽足兽,zh-CN
Sulfur Cube,硫方怪,zh-CN
Tadpole,蝌蚪,zh-CN
Text Display,文本展示实体,zh-CN
The Killer Bunny,杀手兔,zh-CN
Thrown Bottle o' Enchanting,掷出的附魔之瓶,zh-CN
Thrown Egg,掷出的鸡蛋,zh-CN
Thrown Ender Pearl,掷出的末影珍珠,zh-CN
Trader Llama,行商羊驼,zh-CN
Turtle,海龟,zh-CN
Vex,恼鬼,zh-CN
Villager,村民,zh-CN
Vindicator,卫道士,zh-CN
Wandering Trader,流浪商人,zh-CN
Warden,监守者,zh-CN
Witch,女巫,zh-CN
Wither,凋灵,zh-CN
Wither Skeleton,凋灵骷髅,zh-CN
Wither Skull,凋灵之首,zh-CN
Wolf,狼,zh-CN
Zoglin,僵尸疣猪兽,zh-CN
Zombie,僵尸,zh-CN
Zombie Horse,僵尸马,zh-CN
Zombie Nautilus,僵尸鹦鹉螺,zh-CN
Zombie Villager,僵尸村民,zh-CN
Zombified Piglin,僵尸猪灵,zh-CN
Acacia,金合欢树,zh-CN
Amethyst Geode,紫晶洞,zh-CN
Ancient City,远古城市,zh-CN
Aquifer,含水层,zh-CN
Azalea,杜鹃树,zh-CN
Basalt Column,玄武岩石柱林,zh-CN
Basalt Pillar,玄武岩柱,zh-CN
Bastion Remnant,堡垒遗迹,zh-CN
Birch,白桦,zh-CN
Bonus Chest,奖励箱,zh-CN
Bryce Pillar,岩柱,zh-CN
Buried Treasure,埋藏的宝藏,zh-CN
Cave,洞穴,zh-CN
Cheese Cave,芝士洞穴,zh-CN
Cherry Blossom Tree,樱花树,zh-CN
Chorus Plant,紫颂树,zh-CN
Cloud,云,zh-CN
Conduit Frame,潮涌核心框架,zh-CN
Coral Reef,珊瑚礁,zh-CN
Dark Oak,深色橡树,zh-CN
Delta,三角洲,zh-CN
Desert Pyramid,沙漠神殿,zh-CN
Desert Well,沙漠水井,zh-CN
Dimension,维度,zh-CN
Disk,圆盘,zh-CN
Dripstone,滴水石,zh-CN
Dripstone Cluster,滴水石簇,zh-CN
End City,末地城,zh-CN
End Island,末地浮岛,zh-CN
End Platform,末地平台,zh-CN
End Ship,末地船,zh-CN
Erosion,盆地,zh-CN
Exit Portal,返回传送门,zh-CN
Far Lands,边境之地,zh-CN
Fill Layer,填充层,zh-CN
Floating Island,浮岛,zh-CN
Fog,迷雾,zh-CN
Fortress,下界要塞,zh-CN
Fossil,化石,zh-CN
Freeze Top Layer,冰冻顶层,zh-CN
Glowstone Blob,荧石堆,zh-CN
Hill,丘陵,zh-CN
Huge Brown Mushroom,巨型棕色蘑菇,zh-CN
Huge Crimson Fungus,巨型绯红菌,zh-CN
Huge Fungus,巨型下界菌,zh-CN
Huge Mushroom,巨型蘑菇,zh-CN
Huge Red Mushroom,巨型红色蘑菇,zh-CN
Huge Warped Fungus,巨型诡异菌,zh-CN
Ice Spike,冰刺,zh-CN
Iceberg,冰山,zh-CN
Igloo,雪屋,zh-CN
Jungle Pyramid,丛林神庙,zh-CN
Jungle Tree,丛林树,zh-CN
Large Dripstone,大型滴水石,zh-CN
Lava Lake,熔岩湖,zh-CN
Lava Sea,熔岩海,zh-CN
Leaf Clay,多叶黏土层,zh-CN
Mangrove,红树,zh-CN
Mansion,林地府邸,zh-CN
Mineshaft,废弃矿井,zh-CN
Monster Room,刷怪房,zh-CN
Moon,月亮,zh-CN
Mossy Cobblestone Boulder,生苔的巨石,zh-CN
Mountain,山脉,zh-CN
Nether Fortress,下界要塞,zh-CN
Nether Fossil,下界化石,zh-CN
Noise Cave,噪声洞穴,zh-CN
Noodle Cave,面条洞穴,zh-CN
Oak,橡树,zh-CN
Obsidian Pillar,黑曜石柱,zh-CN
Obsidian Platform,黑曜石平台,zh-CN
Ocean Monument,海底神殿,zh-CN
Ocean Ruin,海底废墟,zh-CN
Ore,矿团,zh-CN
Overworld,主世界,zh-CN
Pale Oak,苍白橡树,zh-CN
Pile,方块堆,zh-CN
Pillager Outpost,掠夺者前哨站,zh-CN
Rain,降雨,zh-CN
Random Patch,随机斑块,zh-CN
Ravine,峡谷,zh-CN
Ruined Portal,废弃传送门,zh-CN
Sculk Patch,幽匿斑块,zh-CN
Shipwreck,沉船,zh-CN
Snowfall,降雪,zh-CN
Spaghetti Cave,意面洞穴,zh-CN
Spring,涌泉,zh-CN
Spruce,云杉,zh-CN
Stars,星星,zh-CN
Stone Platform,石头平台,zh-CN
Stronghold,要塞,zh-CN
Sulfur Pool,硫黄池,zh-CN
Sulfur Spring,硫黄涌泉,zh-CN
Sun,太阳,zh-CN
Swamp Hut,沼泽小屋,zh-CN
The End,末地,zh-CN
The Nether,下界,zh-CN
The Void,虚空,zh-CN
Thunderstorm,雷暴,zh-CN
Trail Ruins,古迹废墟,zh-CN
Tree,树木,zh-CN
Trial Chambers,试炼密室,zh-CN
Underwater Cave,水下洞穴,zh-CN
Underwater Ravine,水下峡谷,zh-CN
Underwater Ruins,海底废墟,zh-CN
Village,村庄,zh-CN
Void Start Platform,虚空平台,zh-CN
Woodland Mansion,林地府邸,zh-CN
World Border,世界边界,zh-CN
World Boundary,世界界限,zh-CN
Badlands,恶地,zh-CN
Bamboo Jungle,竹林,zh-CN
Basalt Deltas,玄武岩三角洲,zh-CN
Beach,沙滩,zh-CN
Birch Forest,桦木森林,zh-CN
Cherry Grove,樱花树林,zh-CN
Cold Ocean,冷水海洋,zh-CN
Crimson Forest,绯红森林,zh-CN
Dark Forest,黑森林,zh-CN
Deep Cold Ocean,冷水深海,zh-CN
Deep Dark,深暗之域,zh-CN
Deep Frozen Ocean,冰冻深海,zh-CN
Deep Lukewarm Ocean,温水深海,zh-CN
Deep Ocean,深海,zh-CN
Desert,沙漠,zh-CN
Dripstone Caves,溶洞,zh-CN
End Barrens,末地荒地,zh-CN
End Highlands,末地高地,zh-CN
End Midlands,末地内陆,zh-CN
Eroded Badlands,风蚀恶地,zh-CN
Flower Forest,繁花森林,zh-CN
Forest,森林,zh-CN
Frozen Ocean,冻洋,zh-CN
Frozen Peaks,冰封山峰,zh-CN
Frozen River,冻河,zh-CN
Grove,雪林,zh-CN
Ice Spikes,冰刺之地,zh-CN
Jagged Peaks,尖峭山峰,zh-CN
Jungle,丛林,zh-CN
Lukewarm Ocean,温水海洋,zh-CN
Lush Caves,繁茂洞穴,zh-CN
Mangrove Swamp,红树林沼泽,zh-CN
Meadow,草甸,zh-CN
Mushroom Fields,蘑菇岛,zh-CN
Nether Wastes,下界荒地,zh-CN
Ocean,海洋,zh-CN
Old Growth Birch Forest,原始桦木森林,zh-CN
Old Growth Pine Taiga,原始松木针叶林,zh-CN
Old Growth Spruce Taiga,原始云杉针叶林,zh-CN
Pale Garden,苍白之园,zh-CN
Plains,平原,zh-CN
River,河流,zh-CN
Savanna,热带草原,zh-CN
Savanna Plateau,热带高原,zh-CN
Small End Islands,末地小型岛屿,zh-CN
Snowy Beach,积雪沙滩,zh-CN
Snowy Plains,雪原,zh-CN
Snowy Slopes,积雪山坡,zh-CN
Snowy Taiga,积雪针叶林,zh-CN
Soul Sand Valley,灵魂沙峡谷,zh-CN
Sparse Jungle,稀疏丛林,zh-CN
Stony Peaks,裸岩山峰,zh-CN
Stony Shore,石岸,zh-CN
Sulfur Caves,硫黄洞穴,zh-CN
Sunflower Plains,向日葵平原,zh-CN
Swamp,沼泽,zh-CN
Taiga,针叶林,zh-CN
Warm Ocean,暖水海洋,zh-CN
Warped Forest,诡异森林,zh-CN
Windswept Forest,风袭森林,zh-CN
Windswept Gravelly Hills,风袭沙砾丘陵,zh-CN
Windswept Hills,风袭丘陵,zh-CN
Windswept Savanna,风袭热带草原,zh-CN
Wooded Badlands,疏林恶地,zh-CN
Absorption,伤害吸收,zh-CN
Bad Luck,霉运,zh-CN
Bad Omen,不祥之兆,zh-CN
Blindness,失明,zh-CN
Breath of the Nautilus,鹦鹉螺之息,zh-CN
Conduit Power,潮涌能量,zh-CN
Darkness,黑暗,zh-CN
Dolphin's Grace,海豚的恩惠,zh-CN
Fire Resistance,抗火,zh-CN
Glowing,发光,zh-CN
Haste,急迫,zh-CN
Health Boost,生命提升,zh-CN
Hero of the Village,村庄英雄,zh-CN
Hunger,饥饿,zh-CN
Infested,寄生,zh-CN
Instant Damage,瞬间伤害,zh-CN
Instant Health,瞬间治疗,zh-CN
Invisibility,隐身,zh-CN
Jump Boost,跳跃提升,zh-CN
Levitation,飘浮,zh-CN
Luck,幸运,zh-CN
Mining Fatigue,挖掘疲劳,zh-CN
Nausea,反胃,zh-CN
Night Vision,夜视,zh-CN
Oozing,渗浆,zh-CN
Poison,中毒,zh-CN
Raid Omen,袭击之兆,zh-CN
Regeneration,生命恢复,zh-CN
Resistance,抗性提升,zh-CN
Saturation,饱和,zh-CN
Slow Falling,缓降,zh-CN
Slowness,缓慢,zh-CN
Speed,迅捷,zh-CN
Strength,力量,zh-CN
Trial Omen,试炼之兆,zh-CN
Water Breathing,水下呼吸,zh-CN
Weakness,虚弱,zh-CN
Weaving,盘丝,zh-CN
Wind Charged,蓄风,zh-CN
Wither,凋零,zh-CN
Aqua Affinity,水下速掘,zh-CN
Bane of Arthropods,节肢杀手,zh-CN
Blast Protection,爆炸保护,zh-CN
Breach,破甲,zh-CN
Channeling,引雷,zh-CN
Curse of Binding,绑定诅咒,zh-CN
Curse of Vanishing,消失诅咒,zh-CN
Density,致密,zh-CN
Depth Strider,深海探索者,zh-CN
Efficiency,效率,zh-CN
Feather Falling,摔落缓冲,zh-CN
Fire Aspect,火焰附加,zh-CN
Fire Protection,火焰保护,zh-CN
Flame,火矢,zh-CN
Fortune,时运,zh-CN
Frost Walker,冰霜行者,zh-CN
Impaling,穿刺,zh-CN
Infinity,无限,zh-CN
Knockback,击退,zh-CN
Looting,抢夺,zh-CN
Loyalty,忠诚,zh-CN
Luck of the Sea,海之眷顾,zh-CN
Lunge,突进,zh-CN
Lure,饵钓,zh-CN
Mending,经验修补,zh-CN
Multishot,多重射击,zh-CN
Piercing,穿透,zh-CN
Power,力量,zh-CN
Projectile Protection,弹射物保护,zh-CN
Protection,保护,zh-CN
Punch,冲击,zh-CN
Quick Charge,快速装填,zh-CN
Respiration,水下呼吸,zh-CN
Riptide,激流,zh-CN
Sharpness,锋利,zh-CN
Silk Touch,精准采集,zh-CN
Smite,亡灵杀手,zh-CN
Soul Speed,灵魂疾行,zh-CN
Sweeping Edge,横扫之刃,zh-CN
Swift Sneak,迅捷潜行,zh-CN
Thorns,荆棘,zh-CN
Unbreaking,耐久,zh-CN
Wind Burst,风爆,zh-CN
进度,,zh-CN
A Balanced Diet,均衡饮食,zh-CN
A Complete Catalogue,百猫全书,zh-CN
A Furious Cocktail,狂乱的鸡尾酒,zh-CN
A Seedy Place,开荒垦地,zh-CN
A Terrible Fortress,阴森的要塞,zh-CN
A Throwaway Joke,抖包袱,zh-CN
Acquire Hardware,来硬的,zh-CN
Adventure,冒险,zh-CN
Adventuring Time,探索的时光,zh-CN
Arbalistic,劲弩手,zh-CN
Beaconator,信标工程师,zh-CN
Bee Our Guest,与蜂共舞,zh-CN
Best Friends Forever,永恒的伙伴,zh-CN
Birthday Song,生日快乐歌,zh-CN
Blowback,逆风翻盘,zh-CN
Bring Home the Beacon,带信标回家,zh-CN
Bukkit Bukkit,蚪到桶里来,zh-CN
Bullseye,正中靶心,zh-CN
Careful Restoration,精修细补,zh-CN
Caves & Cliffs,上天入地,zh-CN
"Country Lode, Take Me Home",天涯共此石,zh-CN
Cover Me in Debris,残骸裹身,zh-CN
Cover Me with Diamonds,钻石护体,zh-CN
Crafters Crafting Crafters,合成器合成合成器,zh-CN
Crafting a New Look,旧貌锻新颜,zh-CN
Diamonds!,钻石！,zh-CN
Enchanter,附魔师,zh-CN
Eye Spy,隔墙有眼,zh-CN
Feels Like Home,温暖如家,zh-CN
Fishy Business,腥味十足的生意,zh-CN
Free the End,解放末地,zh-CN
Getting an Upgrade,获得升级,zh-CN
Glow and Behold!,眼前一亮！,zh-CN
Good as New,完好如初,zh-CN
Great View From Up Here,这上面的风景不错,zh-CN
Heart Transplanter,移心接木,zh-CN
Hidden in the Depths,深藏不露,zh-CN
Hired Help,招募援兵,zh-CN
Hot Stuff,热腾腾的,zh-CN
Hot Tourist Destinations,热门景点,zh-CN
How Did We Get Here?,为什么会变成这样呢？,zh-CN
Husbandry,农牧业,zh-CN
Ice Bucket Challenge,冰桶挑战,zh-CN
Into Fire,与火共舞,zh-CN
Is It a Balloon?,那是气球吗？,zh-CN
Is It a Bird?,那是鸟吗？,zh-CN
Is It a Plane?,那是飞机吗？,zh-CN
Isn't It Iron Pick,这不是铁镐么,zh-CN
Isn't It Scute?,这不是鳞甲么？,zh-CN
It Spreads,它蔓延了,zh-CN
Light as a Rabbit,轻功雪上飘,zh-CN
Lighten Up,铜光焕发,zh-CN
Little Sniffs,小小嗅探兽,zh-CN
Local Brewery,本地酿造厂,zh-CN
Minecraft,Minecraft,zh-CN
Minecraft: Trial(s) Edition,Minecraft：试炼版,zh-CN
Mob Kabob,生物串串香,zh-CN
Monster Hunter,怪物猎人,zh-CN
Monsters Hunted,资深怪物猎人,zh-CN
Nether,下界,zh-CN
"Not Quite ""Nine"" Lives",锚没有九条命,zh-CN
"Not Today, Thank You",不吃这套，谢谢,zh-CN
Oh Shiny,金光闪闪,zh-CN
Ol' Betsy,扣下悬刀,zh-CN
Over-Overkill,天赐良击,zh-CN
Planting the Past,播种往事,zh-CN
Postmortal,超越生死,zh-CN
Remote Getaway,远程折跃,zh-CN
Respecting the Remnants,探古寻源,zh-CN
Return to Sender,见鬼去吧,zh-CN
Revaulting,宝经磨炼,zh-CN
Serious Dedication,终极奉献,zh-CN
Shear Brilliance,华丽一剪,zh-CN
Sky's the Limit,天空即为极限,zh-CN
Smells Interesting,怪味蛋,zh-CN
Smithing with Style,匠心独具,zh-CN
Sneak 100,潜行100级,zh-CN
Sniper Duel,狙击手的对决,zh-CN
Sound of Music,音乐之声,zh-CN
Spooky Scary Skeleton,惊悚恐怖骷髅头,zh-CN
Star Trader,星际商人,zh-CN
Stay Hydrated!,补水保湿！,zh-CN
Sticky Situation,胶着状态,zh-CN
Stone Age,石器时代,zh-CN
Subspace Bubble,曲速泡,zh-CN
Suit Up,整装上阵,zh-CN
Surge Protector,电涌保护器,zh-CN
Sweet Dreams,甜蜜的梦,zh-CN
Tactical Fishing,战术性钓鱼,zh-CN
Take Aim,瞄准目标,zh-CN
The City at the End of the Game,在游戏尽头的城市,zh-CN
The Cutest Predator,最萌捕食者,zh-CN
The End... Again...,结束了…再一次…,zh-CN
The End?,结束了？,zh-CN
The Healing Power of Friendship!,友谊的治愈力！,zh-CN
The Next Generation,下一世代,zh-CN
The Parrots and the Bats,我从哪儿来？,zh-CN
The Power of Books,知识就是力量,zh-CN
The Whole Pack,群狼聚首,zh-CN
This Boat Has Legs,画船添足,zh-CN
Those Were the Days,光辉岁月,zh-CN
Total Beelocation,举巢搬迁,zh-CN
"Two Birds, One Arrow",一箭双雕,zh-CN
Two by Two,成双成对,zh-CN
Uh Oh,坏了,zh-CN
Under Lock and Key,珍藏密敛,zh-CN
Uneasy Alliance,脆弱的同盟,zh-CN
Very Very Frightening,魔女审判,zh-CN
Voluntary Exile,自我放逐,zh-CN
War Pigs,战猪,zh-CN
Wax Off,脱蜡,zh-CN
Wax On,涂蜡,zh-CN
We Need to Go Deeper,勇往直下,zh-CN
What a Deal!,成交！,zh-CN
Whatever Floats Your Goat!,羊帆起航！,zh-CN
When the Squad Hops into Town,呱呱队出动,zh-CN
Who Needs Rockets?,还要啥火箭啊？,zh-CN
Who is Cutting Onions?,谁在切洋葱？,zh-CN
Who's the Pillager Now?,现在谁才是掠夺者？,zh-CN
With Our Powers Combined!,相映生辉！,zh-CN
Withering Heights,凋零山庄,zh-CN
You Need a Mint,你需要来点薄荷糖,zh-CN
You've Got a Friend in Me,找到一个好朋友,zh-CN
Zombie Doctor,僵尸科医生,zh-CN
游戏难度和模式,,zh-CN
Peaceful,和平,zh-CN
Easy,简单,zh-CN
Normal,普通,zh-CN
Hard,困难,zh-CN
Creative,创造模式,zh-CN
Survival,生存模式,zh-CN
Hardcore,极限模式,zh-CN
Adventure,冒险模式,zh-CN
Spectator,旁观模式,zh-CN
Demo,演示模式,zh-CN
演示版,,zh-CN
Survival Singleplayer (SSP),单人生存模式,zh-CN
Survival Multiplayer (SMP),多人生存模式,zh-CN
Creative Singleplayer (CSP),单人创造模式,zh-CN
Creative Multiplayer (CMP),多人创造模式,zh-CN
Hardcore Singleplayer (HSP),单人极限模式,zh-CN
Hardcore Multiplayer (HMP),多人极限模式,zh-CN
Adventure Singleplayer (ASP),单人冒险模式,zh-CN
Adventure Multiplayer (AMP),多人冒险模式,zh-CN
游戏内容,,zh-CN
Splash,闪烁标语,zh-CN
Accessibility,辅助功能,zh-CN
Advancement,进度,zh-CN
Attack indicator,攻击指示器,zh-CN
Chest loot,箱子战利品,zh-CN
Loot table,战利品表,zh-CN
Crosshair,（十字）准星,zh-CN
Heads-up display (HUD),抬头显示器,zh-CN
平视显示器,编写时常用HUD,zh-CN
Inventory,物品栏,zh-CN
Hotbar,快捷栏,zh-CN
Narrator,复述功能,zh-CN
Slot,槽位,zh-CN
Material,材料,zh-CN
Rarity,稀有度,zh-CN
Scoreboard,记分板,zh-CN
Spawn,生成,zh-CN
Status effect,状态效果,zh-CN
Third person view,第三人称视角,zh-CN
Waterlogging,含水,zh-CN
Breaking,破坏,zh-CN
Breeding,繁殖,zh-CN
Brewing,酿造,zh-CN
Farming,耕种,zh-CN
Crafting,合成,zh-CN
Recipe book,配方书,zh-CN
Enchanting,附魔,zh-CN
Health,生命,zh-CN
Health bar,生命条,zh-CN
Saturation level,饱和度,zh-CN
Smelting,烧炼,zh-CN
Trading,交易,zh-CN
Blocking,防御,zh-CN
Dual wield,双持,zh-CN
Sneaking,潜行,zh-CN
Sprinting,疾跑,zh-CN
Transportation,运输,zh-CN
Vehicle,载具,zh-CN
Tutorial hint,教学提示,zh-CN
Pillager patrol,灾厄巡逻队,zh-CN
Raid,袭击,zh-CN
Tier,品质,zh-CN
Architecture,建筑,zh-CN
Feature,地物,zh-CN
Old,旧世界类型,zh-CN
Hollow,空洞,zh-CN
Opacity,不透明度,zh-CN
Novice,新手,zh-CN
Apprentice,学徒,zh-CN
Journeyman,老手,zh-CN
Expert,专家,zh-CN
Master,大师,zh-CN
Unemployed,失业,zh-CN
Nitwit,傻子,zh-CN
Armorer,盔甲匠,zh-CN
Butcher,屠夫,zh-CN
Cartographer,制图师,zh-CN
Cleric,牧师,zh-CN
Farmer,农民,zh-CN
Fisherman,渔夫,zh-CN
Fletcher,制箭师,zh-CN
Leatherworker,皮匠,zh-CN
Librarian,图书管理员,zh-CN
Mason,石匠,zh-CN
Shepherd,牧羊人,zh-CN
Toolsmith,工具匠,zh-CN
Weaponsmith,武器匠,zh-CN
游戏版本相关,,zh-CN
Mojang,?,zh-CN
Minecraft,?,zh-CN
Launcher,启动器,zh-CN
Realms,?,zh-CN
Bedrock Edition,基岩版,zh-CN
Education Edition,教育版,zh-CN
Java Edition,Java版,zh-CN
Legacy Console Edition,原主机版,zh-CN
New Nintendo 3DS Edition,New Nintendo 3DS版,zh-CN
Pocket Edition,携带版,zh-CN
Version history,版本记录,zh-CN
Development cycle,开发周期,zh-CN
Upcoming,即将到来,zh-CN
Planned version,计划版本,zh-CN
Feature,特性,zh-CN
功能,适用于大多数情况，另见§ 地物,zh-CN
技术性语境优先选“功能”,,zh-CN
pre-Classic,,zh-CN
Classic,,zh-CN
Indev,,zh-CN
Infdev,,zh-CN
Alpha,,zh-CN
Beta,?,zh-CN
Official release,,zh-CN
Full release,正式版,zh-CN
Snapshot,快照,zh-CN
Pre-release,预发布版,zh-CN
Release candidate,发布候选,zh-CN
Build,开发版,zh-CN
Mentioned feature,提及特性,zh-CN
Removed feature,已移除特性,zh-CN
Exclusive feature,独有特性,zh-CN
Unused feature,未使用特性,zh-CN
Easter egg,彩蛋,zh-CN
Seecret Update,秘密更新,zh-CN
Seecret Friday Update,秘密周五更新,zh-CN
Seecret Saturday Update,秘密周六更新,zh-CN
Halloween Update,万圣节更新,zh-CN
Adventure Update,冒险更新,zh-CN
Pretty Scary Update,骇人更新,zh-CN
Redstone Update,红石更新,zh-CN
Horse Update,马匹更新,zh-CN
The Update that Changed the World,改变世界的更新,zh-CN
Bountiful Update,缤纷更新,zh-CN
Combat Update,战斗更新,zh-CN
Frostburn Update,霜炙更新,zh-CN
Exploration Update,探险更新,zh-CN
Colorful Update,多彩世界更新,zh-CN
Update Aquatic,水域更新,zh-CN
Village and Pillage,村庄与掠夺,zh-CN
Buzzy Bees,嗡嗡蜂群,zh-CN
Nether Update,下界更新,zh-CN
Caves & Cliffs,洞穴与山崖,zh-CN
The Wild Update,荒野更新,zh-CN
Trails & Tales,足迹与故事,zh-CN
Bats and Pots,蝙蝠与陶罐,zh-CN
Armored Paws,犰甲狼兵,zh-CN
Tricky Trials,棘巧试炼,zh-CN
Bundles of Bravery,勇气之袋,zh-CN
The Garden Awakens,苍园觉醒,zh-CN
Spring to Life,春意盎然,zh-CN
Chase the Skies,追逐天空,zh-CN
The Copper Age,铜器时代,zh-CN
Mounts of Mayhem,群骑纷争,zh-CN
Tiny Takeover,小鬼当家,zh-CN
Chaos Cubed,混沌立方,zh-CN
Pocket Edition Alpha,携带版Alpha,zh-CN
Pocket Edition Lite,携带版Lite,zh-CN
Bedrock Edition alpha,基岩版alpha,zh-CN
Bedrock Edition beta,基岩版beta,zh-CN
Overworld Update,主世界更新,zh-CN
Friendly Update,友好更新,zh-CN
Boss Update,Boss更新,zh-CN
Ender Update,末影更新,zh-CN
Discovery Update,探索更新,zh-CN
Better Together Update,独乐不如众乐更新,zh-CN
技术性内容,,zh-CN
Add-on,附加包,zh-CN
Actionbar,动作栏,zh-CN
Argument,（实际）参数,zh-CN
Artifact,意外的……纹理,zh-CN
缺陷,,zh-CN
瑕疵,,zh-CN
Asset,资源,zh-CN
Block state (BS),方块状态,zh-CN
Boolean,布尔值,zh-CN
布尔型,,zh-CN
Bug,漏洞,zh-CN
Command,命令,zh-CN
Common,普通,zh-CN
共通,,zh-CN
Component,组件,zh-CN
Coordinate,坐标,zh-CN
Crash,崩溃,zh-CN
Data pack,数据包,zh-CN
Data value (DV),数据值,zh-CN
Damage value,损坏值,zh-CN
Debug screen,调试屏幕,zh-CN
Despawn,清除,zh-CN
消失,,zh-CN
Dummy,虚拟型,zh-CN
Field,字段,zh-CN
Fixes,修复,zh-CN
Format,格式,zh-CN
Formatting code,格式化代码,zh-CN
Flattening,扁平化,zh-CN
Function,函数,zh-CN
功能,,zh-CN
Generation,生成,zh-CN
GUI,图形用户界面,zh-CN
Hotfix,热修复,zh-CN
ID,?,zh-CN
Interpret,解析,zh-CN
Long,长整型,zh-CN
Mash-up pack,混搭包,zh-CN
Material,材质,zh-CN
材料,“材质”定义渲染映射,zh-CN
“材料”用于其他义项,,zh-CN
Mob cap,生物容量,zh-CN
Mod,?,zh-CN
Modify,修改,zh-CN
Module,模块,zh-CN
NBT,?,zh-CN
Option,选项,zh-CN
Outdated,过期,zh-CN
过时,,zh-CN
Parameter,（形式）参数,zh-CN
Particle,粒子,zh-CN
Placeholder,占位符,zh-CN
Position,位置,zh-CN
Present,选定,zh-CN
Range,范围,zh-CN
Respawn,重生,zh-CN
Screenshot,截图,zh-CN
Setting,设置,zh-CN
Spawn chunk,出生点区块,zh-CN
Spawn point,出生点,zh-CN
Sprite,拼合图,zh-CN
精灵图,通常不翻译,zh-CN
String,字符串,zh-CN
Syntax,语法,zh-CN
Template,模板,zh-CN
Texture,纹理,zh-CN
Tick,刻,zh-CN
Ticking area,常加载区域,zh-CN
Tile,?,zh-CN
Toast,弹窗,zh-CN
Tooltip,提示框,zh-CN
其他,,zh-CN
Added...,加入了……,zh-CN
Addition,新内容,zh-CN
Available,可用的,zh-CN
Behavior,行为,zh-CN
Chance,概率,zh-CN
Changes,更改,zh-CN
Destroy,摧毁,zh-CN
Disambig,,zh-CN
Disambiguation,消歧义,zh-CN
Gallery,画廊,zh-CN
Gameplay,游戏内容,zh-CN
General,常规,zh-CN
Implement,实现,zh-CN
Improve,改进,zh-CN
Interwiki,跨Wiki链接,zh-CN
Kill,杀死,zh-CN
Label,标签,zh-CN
Legend,图例,zh-CN
Manufacture,人造,zh-CN
Natural,自然,zh-CN
Obtain,获取,zh-CN
Parity,趋同,zh-CN
其他语境请自行使用合适的表达,,zh-CN
Performance,性能,zh-CN
Redirect,重定向,zh-CN
Reference,参考,zh-CN
Release,发布,zh-CN
Removed...,移除了……,zh-CN
Sandbox,沙盒,zh-CN
Scale,缩放,zh-CN
See also,参见,zh-CN
Size,大小,zh-CN
Stack,堆叠数,zh-CN
Table,表格,zh-CN
Trivia,你知道吗,zh-CN
Utility,效用型,zh-CN
Usage,用途,zh-CN
用法,,zh-CN
Vanilla,原版,zh-CN
Variant,变种,zh-CN